#
# There is insufficient memory for the Java Runtime Environment to continue.
# Native memory allocation (malloc) failed to allocate 1045536 bytes for Chunk::new
# Possible reasons:
#   The system is out of physical RAM or swap space
#   The process is running with CompressedOops enabled, and the Java Heap may be blocking the growth of the native heap
# Possible solutions:
#   Reduce memory load on the system
#   Increase physical memory or swap space
#   Check if swap backing store is full
#   Decrease Java heap size (-Xmx/-Xms)
#   Decrease number of Java threads
#   Decrease Java thread stack sizes (-Xss)
#   Set larger code cache with -XX:ReservedCodeCacheSize=
#   JVM is running with Zero Based Compressed Oops mode in which the Java heap is
#     placed in the first 32GB address space. The Java Heap base address is the
#     maximum limit for the native heap growth. Please use -XX:HeapBaseMinAddress
#     to set the Java Heap base and to place the Java Heap above 32GB virtual address.
# This output file may be truncated or incomplete.
#
#  Out of Memory Error (arena.cpp:189), pid=10876, tid=11108
#
# JRE version: OpenJDK Runtime Environment (17.0.6) (build 17.0.6+0-b2043.56-10027231)
# Java VM: OpenJDK 64-Bit Server VM (17.0.6+0-b2043.56-10027231, mixed mode, tiered, compressed oops, compressed class ptrs, g1 gc, windows-amd64)
# No core dump will be written. Minidumps are not enabled by default on client versions of Windows
#

---------------  S U M M A R Y ------------

Command Line: -XX:MaxMetaspaceSize=2G -XX:+HeapDumpOnOutOfMemoryError --add-opens=java.base/java.util=ALL-UNNAMED --add-opens=java.base/java.lang=ALL-UNNAMED --add-opens=java.base/java.lang.invoke=ALL-UNNAMED --add-opens=java.prefs/java.util.prefs=ALL-UNNAMED --add-opens=java.base/java.nio.charset=ALL-UNNAMED --add-opens=java.base/java.net=ALL-UNNAMED --add-opens=java.base/java.util.concurrent.atomic=ALL-UNNAMED -Xmx4G -Dfile.encoding=windows-1252 -Duser.country=IN -Duser.language=en -Duser.variant -javaagent:C:\Users\ACER\.gradle\wrapper\dists\gradle-8.3-all\6en3ugtfdg5xnpx44z4qbwgas\gradle-8.3\lib\agents\gradle-instrumentation-agent-8.3.jar org.gradle.launcher.daemon.bootstrap.GradleDaemon 8.3

Host: 11th Gen Intel(R) Core(TM) i3-1115G4 @ 3.00GHz, 4 cores, 7G,  Windows 11 , 64 bit Build 26100 (10.0.26100.6725)
Time: Tue Oct 28 14:40:01 2025 India Standard Time elapsed time: 20375.140442 seconds (0d 5h 39m 35s)

---------------  T H R E A D  ---------------

Current thread (0x0000021f1fc56650):  JavaThread "C2 CompilerThread0" daemon [_thread_in_native, id=11108, stack(0x0000007fe3900000,0x0000007fe3a00000)]


Current CompileTask:
C2:20375140 41515       4       org.gradle.api.internal.artifacts.ivyservice.resolveengine.result.StreamingResolutionResultBuilder$$Lambda$1043/0x00000008008b5b70::write (13 bytes)

Stack: [0x0000007fe3900000,0x0000007fe3a00000]
Native frames: (J=compiled Java code, j=interpreted, Vv=VM code, C=native code)
V  [jvm.dll+0x683c9a]
V  [jvm.dll+0x8427a4]
V  [jvm.dll+0x843f9e]
V  [jvm.dll+0x844603]
V  [jvm.dll+0x249b75]
V  [jvm.dll+0xabcac]
V  [jvm.dll+0xac27c]
V  [jvm.dll+0x2b0eef]
V  [jvm.dll+0x58a267]
V  [jvm.dll+0x2243b2]
V  [jvm.dll+0x22478f]
V  [jvm.dll+0x21e055]
V  [jvm.dll+0x21b51b]
V  [jvm.dll+0x1a4fdd]
V  [jvm.dll+0x22b098]
V  [jvm.dll+0x229159]
V  [jvm.dll+0x7f81ec]
V  [jvm.dll+0x7f274a]
V  [jvm.dll+0x682ad5]
C  [ucrtbase.dll+0x37b0]
C  [KERNEL32.DLL+0x2e8d7]
C  [ntdll.dll+0x8c53c]


---------------  P R O C E S S  ---------------

Threads class SMR info:
_java_thread_list=0x0000021f36308be0, length=61, elements={
0x0000021f7f3a5670, 0x0000021f1f20e020, 0x0000021f1f20eae0, 0x0000021f1fc54020,
0x0000021f1fc548e0, 0x0000021f1fc551a0, 0x0000021f1fc55a60, 0x0000021f1fc56650,
0x0000021f1fc7f030, 0x0000021f1fc88680, 0x0000021f1fd4d630, 0x0000021f1ff36470,
0x0000021f20d992a0, 0x0000021f20d9b450, 0x0000021f20d9b920, 0x0000021f20d98430,
0x0000021f20d98900, 0x0000021f20d98dd0, 0x0000021f22f49750, 0x0000021f22f46c00,
0x0000021f22f47a70, 0x0000021f22f48db0, 0x0000021f22f49280, 0x0000021f2410e3f0,
0x0000021f241100d0, 0x0000021f2410df20, 0x0000021f2410da50, 0x0000021f2410f730,
0x0000021f2c02e620, 0x0000021f2029c360, 0x0000021f20299340, 0x0000021f2029e9e0,
0x0000021f2029eeb0, 0x0000021f2029f850, 0x0000021f2029fd20, 0x0000021f202a01f0,
0x0000021f202a06c0, 0x0000021f2029d1d0, 0x0000021f2029db70, 0x0000021f274ff220,
0x0000021f274fdee0, 0x0000021f274fe3b0, 0x0000021f274ff6f0, 0x0000021f27500560,
0x0000021f274fe880, 0x0000021f274ffbc0, 0x0000021f27500090, 0x0000021f27500a30,
0x0000021f274fd070, 0x0000021f274fed50, 0x0000021f274fd540, 0x0000021f27502be0,
0x0000021f275048c0, 0x0000021f27502710, 0x0000021f275013d0, 0x0000021f275018a0,
0x0000021f27501d70, 0x0000021f2c02fe30, 0x0000021f2c030300, 0x0000021f2c031640,
0x0000021f35665050
}

Java Threads: ( => current thread )
  0x0000021f7f3a5670 JavaThread "main" [_thread_blocked, id=11424, stack(0x0000007fe2c00000,0x0000007fe2d00000)]
  0x0000021f1f20e020 JavaThread "Reference Handler" daemon [_thread_blocked, id=11244, stack(0x0000007fe3300000,0x0000007fe3400000)]
  0x0000021f1f20eae0 JavaThread "Finalizer" daemon [_thread_blocked, id=15720, stack(0x0000007fe3400000,0x0000007fe3500000)]
  0x0000021f1fc54020 JavaThread "Signal Dispatcher" daemon [_thread_blocked, id=1668, stack(0x0000007fe3500000,0x0000007fe3600000)]
  0x0000021f1fc548e0 JavaThread "Attach Listener" daemon [_thread_blocked, id=15260, stack(0x0000007fe3600000,0x0000007fe3700000)]
  0x0000021f1fc551a0 JavaThread "Service Thread" daemon [_thread_blocked, id=2596, stack(0x0000007fe3700000,0x0000007fe3800000)]
  0x0000021f1fc55a60 JavaThread "Monitor Deflation Thread" daemon [_thread_blocked, id=16104, stack(0x0000007fe3800000,0x0000007fe3900000)]
=>0x0000021f1fc56650 JavaThread "C2 CompilerThread0" daemon [_thread_in_native, id=11108, stack(0x0000007fe3900000,0x0000007fe3a00000)]
  0x0000021f1fc7f030 JavaThread "C1 CompilerThread0" daemon [_thread_blocked, id=15928, stack(0x0000007fe3a00000,0x0000007fe3b00000)]
  0x0000021f1fc88680 JavaThread "Sweeper thread" daemon [_thread_blocked, id=11744, stack(0x0000007fe3b00000,0x0000007fe3c00000)]
  0x0000021f1fd4d630 JavaThread "Common-Cleaner" daemon [_thread_blocked, id=15456, stack(0x0000007fe3c00000,0x0000007fe3d00000)]
  0x0000021f1ff36470 JavaThread "Notification Thread" daemon [_thread_blocked, id=6044, stack(0x0000007fe3d00000,0x0000007fe3e00000)]
  0x0000021f20d992a0 JavaThread "Daemon health stats" [_thread_blocked, id=5964, stack(0x0000007fe4300000,0x0000007fe4400000)]
  0x0000021f20d9b450 JavaThread "Incoming local TCP Connector on port 58064" [_thread_in_native, id=11384, stack(0x0000007fe4400000,0x0000007fe4500000)]
  0x0000021f20d9b920 JavaThread "Daemon periodic checks" [_thread_blocked, id=12628, stack(0x0000007fe4500000,0x0000007fe4600000)]
  0x0000021f20d98430 JavaThread "Cache worker for journal cache (C:\Users\ACER\.gradle\caches\journal-1)" [_thread_blocked, id=12532, stack(0x0000007fe4c00000,0x0000007fe4d00000)]
  0x0000021f20d98900 JavaThread "File lock request listener" [_thread_in_native, id=11888, stack(0x0000007fe4d00000,0x0000007fe4e00000)]
  0x0000021f20d98dd0 JavaThread "Cache worker for file hash cache (C:\Users\ACER\.gradle\caches\8.3\fileHashes)" [_thread_blocked, id=7916, stack(0x0000007fe4e00000,0x0000007fe4f00000)]
  0x0000021f22f49750 JavaThread "File watcher server" daemon [_thread_in_native, id=2016, stack(0x0000007fe5000000,0x0000007fe5100000)]
  0x0000021f22f46c00 JavaThread "File watcher consumer" daemon [_thread_blocked, id=8332, stack(0x0000007fe5100000,0x0000007fe5200000)]
  0x0000021f22f47a70 JavaThread "Cache worker for file content cache (C:\Users\ACER\.gradle\caches\8.3\fileContent)" [_thread_blocked, id=9024, stack(0x0000007fe5500000,0x0000007fe5600000)]
  0x0000021f22f48db0 JavaThread "Cache worker for execution history cache (C:\Users\ACER\.gradle\caches\8.3\executionHistory)" [_thread_blocked, id=10020, stack(0x0000007fe5700000,0x0000007fe5800000)]
  0x0000021f22f49280 JavaThread "jar transforms" [_thread_blocked, id=13524, stack(0x0000007fe5900000,0x0000007fe5a00000)]
  0x0000021f2410e3f0 JavaThread "Cache worker for kotlin-dsl (C:\Users\ACER\.gradle\caches\8.3\kotlin-dsl)" [_thread_blocked, id=13024, stack(0x0000007fe5a00000,0x0000007fe5b00000)]
  0x0000021f241100d0 JavaThread "jar transforms Thread 2" [_thread_blocked, id=10256, stack(0x0000007fe5b00000,0x0000007fe5c00000)]
  0x0000021f2410df20 JavaThread "jar transforms Thread 3" [_thread_blocked, id=6220, stack(0x0000007fe5c00000,0x0000007fe5d00000)]
  0x0000021f2410da50 JavaThread "jar transforms Thread 4" [_thread_blocked, id=2996, stack(0x0000007fe5f00000,0x0000007fe6000000)]
  0x0000021f2410f730 JavaThread "Memory manager" [_thread_blocked, id=1928, stack(0x0000007fe6000000,0x0000007fe6100000)]
  0x0000021f2c02e620 JavaThread "Cache worker for Java compile cache (C:\Users\ACER\.gradle\caches\8.3\javaCompile)" [_thread_blocked, id=12536, stack(0x0000007fe9300000,0x0000007fe9400000)]
  0x0000021f2029c360 JavaThread "Daemon Thread 9" [_thread_blocked, id=96, stack(0x0000007fe2900000,0x0000007fe2a00000)]
  0x0000021f20299340 JavaThread "Handler for socket connection from /127.0.0.1:58064 to /127.0.0.1:53723" [_thread_in_native, id=1580, stack(0x0000007fe2a00000,0x0000007fe2b00000)]
  0x0000021f2029e9e0 JavaThread "Cancel handler" [_thread_blocked, id=6364, stack(0x0000007fe2b00000,0x0000007fe2c00000)]
  0x0000021f2029eeb0 JavaThread "Daemon worker Thread 9" [_thread_in_Java, id=14988, stack(0x0000007fe3f00000,0x0000007fe4000000)]
  0x0000021f2029f850 JavaThread "Asynchronous log dispatcher for DefaultDaemonConnection: socket connection from /127.0.0.1:58064 to /127.0.0.1:53723" [_thread_blocked, id=11240, stack(0x0000007fe4600000,0x0000007fe4700000)]
  0x0000021f2029fd20 JavaThread "Stdin handler" [_thread_blocked, id=7716, stack(0x0000007fe4700000,0x0000007fe4800000)]
  0x0000021f202a01f0 JavaThread "Daemon client event forwarder" [_thread_blocked, id=15688, stack(0x0000007fe4800000,0x0000007fe4900000)]
  0x0000021f202a06c0 JavaThread "Cache worker for checksums cache (D:\RISS (2025-2026)\COLLEGE PROJECTS\ASSMABHI\BCA\memora_flutter\android\.gradle\8.3\checksums)" [_thread_blocked, id=9108, stack(0x0000007fe4900000,0x0000007fe4a00000)]
  0x0000021f2029d1d0 JavaThread "Cache worker for file hash cache (D:\RISS (2025-2026)\COLLEGE PROJECTS\ASSMABHI\BCA\memora_flutter\android\.gradle\8.3\fileHashes)" [_thread_blocked, id=18828, stack(0x0000007fe4a00000,0x0000007fe4b00000)]
  0x0000021f2029db70 JavaThread "Cache worker for cache directory md-supplier (C:\Users\ACER\.gradle\caches\8.3\md-supplier)" [_thread_blocked, id=8752, stack(0x0000007fe4b00000,0x0000007fe4c00000)]
  0x0000021f274ff220 JavaThread "Cache worker for cache directory md-rule (C:\Users\ACER\.gradle\caches\8.3\md-rule)" [_thread_blocked, id=20120, stack(0x0000007fe4f00000,0x0000007fe5000000)]
  0x0000021f274fdee0 JavaThread "Cache worker for dependencies-accessors (D:\RISS (2025-2026)\COLLEGE PROJECTS\ASSMABHI\BCA\memora_flutter\android\.gradle\8.3\dependencies-accessors)" [_thread_blocked, id=18204, stack(0x0000007fe5200000,0x0000007fe5300000)]
  0x0000021f274fe3b0 JavaThread "Cache worker for Build Output Cleanup Cache (C:\Users\ACER\Downloads\flutter_windows_3.24.5-stable\flutter\packages\flutter_tools\gradle\.gradle\buildOutputCleanup)" [_thread_blocked, id=15424, stack(0x0000007fe5300000,0x0000007fe5400000)]
  0x0000021f274ff6f0 JavaThread "included builds" [_thread_blocked, id=9812, stack(0x0000007fe5400000,0x0000007fe5500000)]
  0x0000021f27500560 JavaThread "Execution worker" [_thread_blocked, id=18824, stack(0x0000007fe5600000,0x0000007fe5700000)]
  0x0000021f274fe880 JavaThread "Execution worker Thread 2" [_thread_blocked, id=17384, stack(0x0000007fe5d00000,0x0000007fe5e00000)]
  0x0000021f274ffbc0 JavaThread "Execution worker Thread 3" [_thread_blocked, id=13588, stack(0x0000007fe5e00000,0x0000007fe5f00000)]
  0x0000021f27500090 JavaThread "Cache worker for execution history cache (C:\Users\ACER\Downloads\flutter_windows_3.24.5-stable\flutter\packages\flutter_tools\gradle\.gradle\8.3\executionHistory)" [_thread_blocked, id=14880, stack(0x0000007fe6100000,0x0000007fe6200000)]
  0x0000021f27500a30 JavaThread "Unconstrained build operations" [_thread_blocked, id=18684, stack(0x0000007fe6200000,0x0000007fe6300000)]
  0x0000021f274fd070 JavaThread "Unconstrained build operations Thread 2" [_thread_blocked, id=3044, stack(0x0000007fe6300000,0x0000007fe6400000)]
  0x0000021f274fed50 JavaThread "Unconstrained build operations Thread 3" [_thread_blocked, id=2452, stack(0x0000007fe6400000,0x0000007fe6500000)]
  0x0000021f274fd540 JavaThread "Unconstrained build operations Thread 4" [_thread_blocked, id=11260, stack(0x0000007fe6500000,0x0000007fe6600000)]
  0x0000021f27502be0 JavaThread "Unconstrained build operations Thread 5" [_thread_blocked, id=13348, stack(0x0000007fe6600000,0x0000007fe6700000)]
  0x0000021f275048c0 JavaThread "Unconstrained build operations Thread 6" [_thread_blocked, id=5408, stack(0x0000007fe6700000,0x0000007fe6800000)]
  0x0000021f27502710 JavaThread "Cache worker for Build Output Cleanup Cache (D:\RISS (2025-2026)\COLLEGE PROJECTS\ASSMABHI\BCA\memora_flutter\android\.gradle\buildOutputCleanup)" [_thread_blocked, id=1560, stack(0x0000007fe6800000,0x0000007fe6900000)]
  0x0000021f275013d0 JavaThread "Unconstrained build operations Thread 7" [_thread_blocked, id=10448, stack(0x0000007fe6a00000,0x0000007fe6b00000)]
  0x0000021f275018a0 JavaThread "Unconstrained build operations Thread 8" [_thread_blocked, id=8436, stack(0x0000007fe6b00000,0x0000007fe6c00000)]
  0x0000021f27501d70 JavaThread "Unconstrained build operations Thread 9" [_thread_blocked, id=18232, stack(0x0000007fe6c00000,0x0000007fe6d00000)]
  0x0000021f2c02fe30 JavaThread "Unconstrained build operations Thread 10" [_thread_blocked, id=7692, stack(0x0000007fe6900000,0x0000007fe6a00000)]
  0x0000021f2c030300 JavaThread "Unconstrained build operations Thread 11" [_thread_blocked, id=8932, stack(0x0000007fe6d00000,0x0000007fe6e00000)]
  0x0000021f2c031640 JavaThread "Unconstrained build operations Thread 12" [_thread_blocked, id=12148, stack(0x0000007fe6e00000,0x0000007fe6f00000)]
  0x0000021f35665050 JavaThread "C2 CompilerThread1" daemon [_thread_in_native, id=18436, stack(0x0000007fe7000000,0x0000007fe7100000)]

Other Threads:
  0x0000021f1fc1eba0 VMThread "VM Thread" [stack: 0x0000007fe3200000,0x0000007fe3300000] [id=17256]
  0x0000021f7f43a640 WatcherThread [stack: 0x0000007fe3e00000,0x0000007fe3f00000] [id=8804]
  0x0000021f7f411230 GCTaskThread "GC Thread#0" [stack: 0x0000007fe2d00000,0x0000007fe2e00000] [id=11400]
  0x0000021f1f1e9950 GCTaskThread "GC Thread#1" [stack: 0x0000007fe4000000,0x0000007fe4100000] [id=8520]
  0x0000021f1f1ea6c0 GCTaskThread "GC Thread#2" [stack: 0x0000007fe4100000,0x0000007fe4200000] [id=9992]
  0x0000021f1f1e9140 GCTaskThread "GC Thread#3" [stack: 0x0000007fe4200000,0x0000007fe4300000] [id=15088]
  0x0000021f7f424370 ConcurrentGCThread "G1 Main Marker" [stack: 0x0000007fe2e00000,0x0000007fe2f00000] [id=16952]
  0x0000021f7f426440 ConcurrentGCThread "G1 Conc#0" [stack: 0x0000007fe2f00000,0x0000007fe3000000] [id=12500]
  0x0000021f7f459a40 ConcurrentGCThread "G1 Refine#0" [stack: 0x0000007fe3000000,0x0000007fe3100000] [id=12596]
  0x0000021f240cad50 ConcurrentGCThread "G1 Refine#1" [stack: 0x0000007fe5800000,0x0000007fe5900000] [id=13108]
  0x0000021f2b571b30 ConcurrentGCThread "G1 Refine#2" [stack: 0x0000007fe8400000,0x0000007fe8500000] [id=17304]
  0x0000021f2b572990 ConcurrentGCThread "G1 Refine#3" [stack: 0x0000007fe8500000,0x0000007fe8600000] [id=12976]
  0x0000021f1f0624b0 ConcurrentGCThread "G1 Service" [stack: 0x0000007fe3100000,0x0000007fe3200000] [id=14484]

Threads with active compile tasks:
C2 CompilerThread0  20375173 41515       4       org.gradle.api.internal.artifacts.ivyservice.resolveengine.result.StreamingResolutionResultBuilder$$Lambda$1043/0x00000008008b5b70::write (13 bytes)
C2 CompilerThread1  20375173 41518       4       org.gradle.api.internal.artifacts.result.DefaultResolvedComponentResult::eachElement (89 bytes)

VM state: not at safepoint (normal execution)

VM Mutex/Monitor currently owned by a thread: None

Heap address: 0x0000000700000000, size: 4096 MB, Compressed Oops mode: Zero based, Oop shift amount: 3

CDS archive(s) not mapped
Compressed class space mapped at: 0x0000000800000000-0x0000000840000000, reserved size: 1073741824
Narrow klass base: 0x0000000800000000, Narrow klass shift: 0, Narrow klass range: 0x40000000

GC Precious Log:
 CPUs: 4 total, 4 available
 Memory: 7971M
 Large Page Support: Disabled
 NUMA Support: Disabled
 Compressed Oops: Enabled (Zero based)
 Heap Region Size: 2M
 Heap Min Capacity: 8M
 Heap Initial Capacity: 126M
 Heap Max Capacity: 4G
 Pre-touch: Disabled
 Parallel Workers: 4
 Concurrent Workers: 1
 Concurrent Refinement Workers: 4
 Periodic GC: Disabled

Heap:
 garbage-first heap   total 888832K, used 334712K [0x0000000700000000, 0x0000000800000000)
  region size 2048K, 39 young (79872K), 4 survivors (8192K)
 Metaspace       used 167130K, committed 170112K, reserved 1204224K
  class space    used 22154K, committed 23360K, reserved 1048576K

Heap Regions: E=young(eden), S=young(survivor), O=old, HS=humongous(starts), HC=humongous(continues), CS=collection set, F=free, OA=open archive, CA=closed archive, TAMS=top-at-mark-start (previous, next)
|   0|0x0000000700000000, 0x0000000700200000, 0x0000000700200000|100%| O|  |TAMS 0x0000000700200000, 0x0000000700000000| Untracked 
|   1|0x0000000700200000, 0x0000000700400000, 0x0000000700400000|100%|HS|  |TAMS 0x0000000700400000, 0x0000000700200000| Complete 
|   2|0x0000000700400000, 0x0000000700600000, 0x0000000700600000|100%|HC|  |TAMS 0x0000000700600000, 0x0000000700400000| Complete 
|   3|0x0000000700600000, 0x0000000700800000, 0x0000000700800000|100%| O|  |TAMS 0x0000000700800000, 0x0000000700600000| Untracked 
|   4|0x0000000700800000, 0x0000000700a00000, 0x0000000700a00000|100%| O|  |TAMS 0x0000000700a00000, 0x0000000700800000| Untracked 
|   5|0x0000000700a00000, 0x0000000700c00000, 0x0000000700c00000|100%| O|  |TAMS 0x0000000700c00000, 0x0000000700a00000| Untracked 
|   6|0x0000000700c00000, 0x0000000700e00000, 0x0000000700e00000|100%| O|  |TAMS 0x0000000700e00000, 0x0000000700c00000| Untracked 
|   7|0x0000000700e00000, 0x0000000701000000, 0x0000000701000000|100%| O|  |TAMS 0x0000000701000000, 0x0000000700e00000| Untracked 
|   8|0x0000000701000000, 0x0000000701200000, 0x0000000701200000|100%| O|  |TAMS 0x0000000701200000, 0x0000000701000000| Untracked 
|   9|0x0000000701200000, 0x0000000701400000, 0x0000000701400000|100%| O|  |TAMS 0x0000000701400000, 0x0000000701200000| Untracked 
|  10|0x0000000701400000, 0x0000000701600000, 0x0000000701600000|100%| O|  |TAMS 0x0000000701600000, 0x0000000701400000| Untracked 
|  11|0x0000000701600000, 0x0000000701800000, 0x0000000701800000|100%| O|  |TAMS 0x0000000701800000, 0x0000000701600000| Untracked 
|  12|0x0000000701800000, 0x0000000701a00000, 0x0000000701a00000|100%|HS|  |TAMS 0x0000000701a00000, 0x0000000701800000| Complete 
|  13|0x0000000701a00000, 0x0000000701c00000, 0x0000000701c00000|100%| O|  |TAMS 0x0000000701c00000, 0x0000000701a00000| Untracked 
|  14|0x0000000701c00000, 0x0000000701e00000, 0x0000000701e00000|100%| O|  |TAMS 0x0000000701e00000, 0x0000000701c00000| Untracked 
|  15|0x0000000701e00000, 0x0000000702000000, 0x0000000702000000|100%| O|  |TAMS 0x0000000702000000, 0x0000000701e00000| Untracked 
|  16|0x0000000702000000, 0x0000000702200000, 0x0000000702200000|100%| O|  |TAMS 0x0000000702200000, 0x0000000702000000| Untracked 
|  17|0x0000000702200000, 0x0000000702400000, 0x0000000702400000|100%| O|  |TAMS 0x0000000702400000, 0x0000000702200000| Untracked 
|  18|0x0000000702400000, 0x0000000702600000, 0x0000000702600000|100%| O|  |TAMS 0x0000000702600000, 0x0000000702400000| Untracked 
|  19|0x0000000702600000, 0x0000000702800000, 0x0000000702800000|100%| O|  |TAMS 0x0000000702800000, 0x0000000702600000| Complete 
|  20|0x0000000702800000, 0x0000000702a00000, 0x0000000702a00000|100%|HS|  |TAMS 0x0000000702a00000, 0x0000000702800000| Complete 
|  21|0x0000000702a00000, 0x0000000702c00000, 0x0000000702c00000|100%|HC|  |TAMS 0x0000000702c00000, 0x0000000702a00000| Complete 
|  22|0x0000000702c00000, 0x0000000702e00000, 0x0000000702e00000|100%|HS|  |TAMS 0x0000000702e00000, 0x0000000702c00000| Complete 
|  23|0x0000000702e00000, 0x0000000703000000, 0x0000000703000000|100%| O|  |TAMS 0x0000000703000000, 0x0000000702e00000| Untracked 
|  24|0x0000000703000000, 0x0000000703200000, 0x0000000703200000|100%| O|  |TAMS 0x0000000703200000, 0x0000000703000000| Untracked 
|  25|0x0000000703200000, 0x0000000703400000, 0x0000000703400000|100%| O|  |TAMS 0x0000000703400000, 0x0000000703200000| Untracked 
|  26|0x0000000703400000, 0x0000000703600000, 0x0000000703600000|100%| O|  |TAMS 0x0000000703600000, 0x0000000703400000| Untracked 
|  27|0x0000000703600000, 0x0000000703800000, 0x0000000703800000|100%| O|  |TAMS 0x0000000703800000, 0x0000000703600000| Untracked 
|  28|0x0000000703800000, 0x0000000703a00000, 0x0000000703a00000|100%| O|  |TAMS 0x0000000703a00000, 0x0000000703800000| Untracked 
|  29|0x0000000703a00000, 0x0000000703c00000, 0x0000000703c00000|100%| O|  |TAMS 0x0000000703c00000, 0x0000000703a00000| Untracked 
|  30|0x0000000703c00000, 0x0000000703e00000, 0x0000000703e00000|100%| O|  |TAMS 0x0000000703e00000, 0x0000000703c00000| Untracked 
|  31|0x0000000703e00000, 0x0000000704000000, 0x0000000704000000|100%| O|  |TAMS 0x0000000704000000, 0x0000000703e00000| Untracked 
|  32|0x0000000704000000, 0x0000000704200000, 0x0000000704200000|100%| O|  |TAMS 0x0000000704200000, 0x0000000704000000| Complete 
|  33|0x0000000704200000, 0x0000000704400000, 0x0000000704400000|100%| O|  |TAMS 0x0000000704400000, 0x0000000704200000| Complete 
|  34|0x0000000704400000, 0x0000000704600000, 0x0000000704600000|100%| O|  |TAMS 0x0000000704600000, 0x0000000704400000| Untracked 
|  35|0x0000000704600000, 0x0000000704800000, 0x0000000704800000|100%| O|  |TAMS 0x0000000704800000, 0x0000000704600000| Untracked 
|  36|0x0000000704800000, 0x0000000704a00000, 0x0000000704a00000|100%|HS|  |TAMS 0x0000000704a00000, 0x0000000704800000| Complete 
|  37|0x0000000704a00000, 0x0000000704c00000, 0x0000000704c00000|100%|HC|  |TAMS 0x0000000704c00000, 0x0000000704a00000| Complete 
|  38|0x0000000704c00000, 0x0000000704e00000, 0x0000000704e00000|100%| O|  |TAMS 0x0000000704e00000, 0x0000000704c00000| Untracked 
|  39|0x0000000704e00000, 0x0000000705000000, 0x0000000705000000|100%| O|  |TAMS 0x0000000705000000, 0x0000000704e00000| Complete 
|  40|0x0000000705000000, 0x0000000705200000, 0x0000000705200000|100%|HS|  |TAMS 0x0000000705200000, 0x0000000705000000| Complete 
|  41|0x0000000705200000, 0x0000000705400000, 0x0000000705400000|100%|HC|  |TAMS 0x0000000705400000, 0x0000000705200000| Complete 
|  42|0x0000000705400000, 0x0000000705600000, 0x0000000705600000|100%|HS|  |TAMS 0x0000000705600000, 0x0000000705400000| Complete 
|  43|0x0000000705600000, 0x0000000705800000, 0x0000000705800000|100%| O|  |TAMS 0x0000000705800000, 0x0000000705600000| Untracked 
|  44|0x0000000705800000, 0x0000000705a00000, 0x0000000705a00000|100%| O|  |TAMS 0x0000000705a00000, 0x0000000705800000| Untracked 
|  45|0x0000000705a00000, 0x0000000705c00000, 0x0000000705c00000|100%| O|  |TAMS 0x0000000705c00000, 0x0000000705a00000| Untracked 
|  46|0x0000000705c00000, 0x0000000705e00000, 0x0000000705e00000|100%| O|  |TAMS 0x0000000705e00000, 0x0000000705c00000| Untracked 
|  47|0x0000000705e00000, 0x0000000706000000, 0x0000000706000000|100%| O|  |TAMS 0x0000000706000000, 0x0000000705e00000| Untracked 
|  48|0x0000000706000000, 0x0000000706200000, 0x0000000706200000|100%| O|  |TAMS 0x0000000706200000, 0x0000000706000000| Untracked 
|  49|0x0000000706200000, 0x0000000706400000, 0x0000000706400000|100%| O|  |TAMS 0x0000000706400000, 0x0000000706200000| Untracked 
|  50|0x0000000706400000, 0x0000000706600000, 0x0000000706600000|100%| O|  |TAMS 0x0000000706600000, 0x0000000706400000| Untracked 
|  51|0x0000000706600000, 0x0000000706800000, 0x0000000706800000|100%| O|  |TAMS 0x0000000706800000, 0x0000000706600000| Untracked 
|  52|0x0000000706800000, 0x0000000706a00000, 0x0000000706a00000|100%| O|  |TAMS 0x0000000706a00000, 0x0000000706800000| Untracked 
|  53|0x0000000706a00000, 0x0000000706c00000, 0x0000000706c00000|100%| O|  |TAMS 0x0000000706c00000, 0x0000000706a00000| Untracked 
|  54|0x0000000706c00000, 0x0000000706c00000, 0x0000000706e00000|  0%| F|  |TAMS 0x0000000706c00000, 0x0000000706c00000| Untracked 
|  55|0x0000000706e00000, 0x0000000707000000, 0x0000000707000000|100%| O|  |TAMS 0x0000000707000000, 0x0000000706e00000| Untracked 
|  56|0x0000000707000000, 0x0000000707200000, 0x0000000707200000|100%|HS|  |TAMS 0x0000000707200000, 0x0000000707000000| Complete 
|  57|0x0000000707200000, 0x0000000707400000, 0x0000000707400000|100%| O|  |TAMS 0x0000000707400000, 0x0000000707200000| Untracked 
|  58|0x0000000707400000, 0x0000000707600000, 0x0000000707600000|100%| O|  |TAMS 0x0000000707600000, 0x0000000707400000| Untracked 
|  59|0x0000000707600000, 0x0000000707800000, 0x0000000707800000|100%| O|  |TAMS 0x0000000707800000, 0x0000000707600000| Complete 
|  60|0x0000000707800000, 0x0000000707a00000, 0x0000000707a00000|100%| O|  |TAMS 0x0000000707a00000, 0x0000000707800000| Untracked 
|  61|0x0000000707a00000, 0x0000000707c00000, 0x0000000707c00000|100%| O|  |TAMS 0x0000000707c00000, 0x0000000707a00000| Untracked 
|  62|0x0000000707c00000, 0x0000000707c00000, 0x0000000707e00000|  0%| F|  |TAMS 0x0000000707c00000, 0x0000000707c00000| Untracked 
|  63|0x0000000707e00000, 0x0000000708000000, 0x0000000708000000|100%| O|  |TAMS 0x0000000708000000, 0x0000000707e00000| Untracked 
|  64|0x0000000708000000, 0x0000000708000000, 0x0000000708200000|  0%| F|  |TAMS 0x0000000708000000, 0x0000000708000000| Untracked 
|  65|0x0000000708200000, 0x0000000708400000, 0x0000000708400000|100%| O|  |TAMS 0x0000000708400000, 0x0000000708200000| Untracked 
|  66|0x0000000708400000, 0x0000000708400000, 0x0000000708600000|  0%| F|  |TAMS 0x0000000708400000, 0x0000000708400000| Untracked 
|  67|0x0000000708600000, 0x0000000708600000, 0x0000000708800000|  0%| F|  |TAMS 0x0000000708600000, 0x0000000708600000| Untracked 
|  68|0x0000000708800000, 0x0000000708a00000, 0x0000000708a00000|100%| O|  |TAMS 0x0000000708a00000, 0x0000000708800000| Complete 
|  69|0x0000000708a00000, 0x0000000708a00000, 0x0000000708c00000|  0%| F|  |TAMS 0x0000000708a00000, 0x0000000708a00000| Untracked 
|  70|0x0000000708c00000, 0x0000000708c00000, 0x0000000708e00000|  0%| F|  |TAMS 0x0000000708c00000, 0x0000000708c00000| Untracked 
|  71|0x0000000708e00000, 0x0000000709000000, 0x0000000709000000|100%| O|  |TAMS 0x0000000709000000, 0x0000000708e00000| Untracked 
|  72|0x0000000709000000, 0x0000000709200000, 0x0000000709200000|100%| O|  |TAMS 0x0000000709200000, 0x0000000709000000| Untracked 
|  73|0x0000000709200000, 0x0000000709400000, 0x0000000709400000|100%| O|  |TAMS 0x0000000709400000, 0x0000000709200000| Untracked 
|  74|0x0000000709400000, 0x0000000709600000, 0x0000000709600000|100%| O|  |TAMS 0x0000000709600000, 0x0000000709400000| Untracked 
|  75|0x0000000709600000, 0x0000000709800000, 0x0000000709800000|100%| O|  |TAMS 0x0000000709800000, 0x0000000709600000| Untracked 
|  76|0x0000000709800000, 0x0000000709a00000, 0x0000000709a00000|100%| O|  |TAMS 0x0000000709a00000, 0x0000000709800000| Untracked 
|  77|0x0000000709a00000, 0x0000000709c00000, 0x0000000709c00000|100%| O|  |TAMS 0x0000000709c00000, 0x0000000709a00000| Untracked 
|  78|0x0000000709c00000, 0x0000000709e00000, 0x0000000709e00000|100%| O|  |TAMS 0x0000000709e00000, 0x0000000709c00000| Untracked 
|  79|0x0000000709e00000, 0x000000070a000000, 0x000000070a000000|100%| O|  |TAMS 0x000000070a000000, 0x0000000709e00000| Untracked 
|  80|0x000000070a000000, 0x000000070a200000, 0x000000070a200000|100%| O|  |TAMS 0x000000070a200000, 0x000000070a000000| Untracked 
|  81|0x000000070a200000, 0x000000070a400000, 0x000000070a400000|100%| O|  |TAMS 0x000000070a400000, 0x000000070a200000| Untracked 
|  82|0x000000070a400000, 0x000000070a600000, 0x000000070a600000|100%| O|  |TAMS 0x000000070a600000, 0x000000070a400000| Untracked 
|  83|0x000000070a600000, 0x000000070a800000, 0x000000070a800000|100%| O|  |TAMS 0x000000070a800000, 0x000000070a600000| Untracked 
|  84|0x000000070a800000, 0x000000070aa00000, 0x000000070aa00000|100%| O|  |TAMS 0x000000070aa00000, 0x000000070a800000| Untracked 
|  85|0x000000070aa00000, 0x000000070ac00000, 0x000000070ac00000|100%| O|  |TAMS 0x000000070ac00000, 0x000000070aa00000| Untracked 
|  86|0x000000070ac00000, 0x000000070ae00000, 0x000000070ae00000|100%| O|  |TAMS 0x000000070ae00000, 0x000000070ac00000| Untracked 
|  87|0x000000070ae00000, 0x000000070ae00000, 0x000000070b000000|  0%| F|  |TAMS 0x000000070ae00000, 0x000000070ae00000| Untracked 
|  88|0x000000070b000000, 0x000000070b000000, 0x000000070b200000|  0%| F|  |TAMS 0x000000070b000000, 0x000000070b000000| Untracked 
|  89|0x000000070b200000, 0x000000070b200000, 0x000000070b400000|  0%| F|  |TAMS 0x000000070b200000, 0x000000070b200000| Untracked 
|  90|0x000000070b400000, 0x000000070b600000, 0x000000070b600000|100%| O|  |TAMS 0x000000070b600000, 0x000000070b400000| Complete 
|  91|0x000000070b600000, 0x000000070b600000, 0x000000070b800000|  0%| F|  |TAMS 0x000000070b600000, 0x000000070b600000| Untracked 
|  92|0x000000070b800000, 0x000000070b800000, 0x000000070ba00000|  0%| F|  |TAMS 0x000000070b800000, 0x000000070b800000| Untracked 
|  93|0x000000070ba00000, 0x000000070bc00000, 0x000000070bc00000|100%| O|  |TAMS 0x000000070bc00000, 0x000000070ba00000| Untracked 
|  94|0x000000070bc00000, 0x000000070be00000, 0x000000070be00000|100%| O|  |TAMS 0x000000070be00000, 0x000000070bc00000| Untracked 
|  95|0x000000070be00000, 0x000000070c000000, 0x000000070c000000|100%| O|  |TAMS 0x000000070c000000, 0x000000070be00000| Untracked 
|  96|0x000000070c000000, 0x000000070c200000, 0x000000070c200000|100%| O|  |TAMS 0x000000070c200000, 0x000000070c000000| Untracked 
|  97|0x000000070c200000, 0x000000070c400000, 0x000000070c400000|100%| O|  |TAMS 0x000000070c400000, 0x000000070c200000| Untracked 
|  98|0x000000070c400000, 0x000000070c600000, 0x000000070c600000|100%| O|  |TAMS 0x000000070c600000, 0x000000070c400000| Untracked 
|  99|0x000000070c600000, 0x000000070c600000, 0x000000070c800000|  0%| F|  |TAMS 0x000000070c600000, 0x000000070c600000| Untracked 
| 100|0x000000070c800000, 0x000000070c800000, 0x000000070ca00000|  0%| F|  |TAMS 0x000000070c800000, 0x000000070c800000| Untracked 
| 101|0x000000070ca00000, 0x000000070cc00000, 0x000000070cc00000|100%| O|  |TAMS 0x000000070cc00000, 0x000000070ca00000| Untracked 
| 102|0x000000070cc00000, 0x000000070ce00000, 0x000000070ce00000|100%| O|  |TAMS 0x000000070ce00000, 0x000000070cc00000| Untracked 
| 103|0x000000070ce00000, 0x000000070d000000, 0x000000070d000000|100%| O|  |TAMS 0x000000070d000000, 0x000000070ce00000| Untracked 
| 104|0x000000070d000000, 0x000000070d200000, 0x000000070d200000|100%| O|  |TAMS 0x000000070d200000, 0x000000070d000000| Untracked 
| 105|0x000000070d200000, 0x000000070d400000, 0x000000070d400000|100%| O|  |TAMS 0x000000070d400000, 0x000000070d200000| Untracked 
| 106|0x000000070d400000, 0x000000070d600000, 0x000000070d600000|100%| O|  |TAMS 0x000000070d600000, 0x000000070d400000| Untracked 
| 107|0x000000070d600000, 0x000000070d800000, 0x000000070d800000|100%| O|  |TAMS 0x000000070d800000, 0x000000070d600000| Untracked 
| 108|0x000000070d800000, 0x000000070da00000, 0x000000070da00000|100%|HS|  |TAMS 0x000000070da00000, 0x000000070d800000| Complete 
| 109|0x000000070da00000, 0x000000070dc00000, 0x000000070dc00000|100%|HC|  |TAMS 0x000000070dc00000, 0x000000070da00000| Complete 
| 110|0x000000070dc00000, 0x000000070de00000, 0x000000070de00000|100%|HC|  |TAMS 0x000000070de00000, 0x000000070dc00000| Complete 
| 111|0x000000070de00000, 0x000000070e000000, 0x000000070e000000|100%|HC|  |TAMS 0x000000070e000000, 0x000000070de00000| Complete 
| 112|0x000000070e000000, 0x000000070e200000, 0x000000070e200000|100%| O|  |TAMS 0x000000070e200000, 0x000000070e000000| Untracked 
| 113|0x000000070e200000, 0x000000070e200000, 0x000000070e400000|  0%| F|  |TAMS 0x000000070e200000, 0x000000070e200000| Untracked 
| 114|0x000000070e400000, 0x000000070e400000, 0x000000070e600000|  0%| F|  |TAMS 0x000000070e400000, 0x000000070e400000| Untracked 
| 115|0x000000070e600000, 0x000000070e600000, 0x000000070e800000|  0%| F|  |TAMS 0x000000070e600000, 0x000000070e600000| Untracked 
| 116|0x000000070e800000, 0x000000070ea00000, 0x000000070ea00000|100%| O|  |TAMS 0x000000070ea00000, 0x000000070e800000| Untracked 
| 117|0x000000070ea00000, 0x000000070ec00000, 0x000000070ec00000|100%| O|  |TAMS 0x000000070ec00000, 0x000000070ea00000| Untracked 
| 118|0x000000070ec00000, 0x000000070ec00000, 0x000000070ee00000|  0%| F|  |TAMS 0x000000070ec00000, 0x000000070ec00000| Untracked 
| 119|0x000000070ee00000, 0x000000070ee00000, 0x000000070f000000|  0%| F|  |TAMS 0x000000070ee00000, 0x000000070ee00000| Untracked 
| 120|0x000000070f000000, 0x000000070f000000, 0x000000070f200000|  0%| F|  |TAMS 0x000000070f000000, 0x000000070f000000| Untracked 
| 121|0x000000070f200000, 0x000000070f200000, 0x000000070f400000|  0%| F|  |TAMS 0x000000070f200000, 0x000000070f200000| Untracked 
| 122|0x000000070f400000, 0x000000070f600000, 0x000000070f600000|100%| O|  |TAMS 0x000000070f600000, 0x000000070f400000| Untracked 
| 123|0x000000070f600000, 0x000000070f800000, 0x000000070f800000|100%| O|  |TAMS 0x000000070f800000, 0x000000070f600000| Complete 
| 124|0x000000070f800000, 0x000000070f800000, 0x000000070fa00000|  0%| F|  |TAMS 0x000000070f800000, 0x000000070f800000| Untracked 
| 125|0x000000070fa00000, 0x000000070fa00000, 0x000000070fc00000|  0%| F|  |TAMS 0x000000070fa00000, 0x000000070fa00000| Untracked 
| 126|0x000000070fc00000, 0x000000070fc00000, 0x000000070fe00000|  0%| F|  |TAMS 0x000000070fc00000, 0x000000070fc00000| Untracked 
| 127|0x000000070fe00000, 0x000000070fe00000, 0x0000000710000000|  0%| F|  |TAMS 0x000000070fe00000, 0x000000070fe00000| Untracked 
| 128|0x0000000710000000, 0x0000000710000000, 0x0000000710200000|  0%| F|  |TAMS 0x0000000710000000, 0x0000000710000000| Untracked 
| 129|0x0000000710200000, 0x0000000710400000, 0x0000000710400000|100%| O|  |TAMS 0x0000000710400000, 0x0000000710200000| Complete 
| 130|0x0000000710400000, 0x0000000710400000, 0x0000000710600000|  0%| F|  |TAMS 0x0000000710400000, 0x0000000710400000| Untracked 
| 131|0x0000000710600000, 0x0000000710600000, 0x0000000710800000|  0%| F|  |TAMS 0x0000000710600000, 0x0000000710600000| Untracked 
| 132|0x0000000710800000, 0x0000000710800000, 0x0000000710a00000|  0%| F|  |TAMS 0x0000000710800000, 0x0000000710800000| Untracked 
| 133|0x0000000710a00000, 0x0000000710a00000, 0x0000000710c00000|  0%| F|  |TAMS 0x0000000710a00000, 0x0000000710a00000| Untracked 
| 134|0x0000000710c00000, 0x0000000710c00000, 0x0000000710e00000|  0%| F|  |TAMS 0x0000000710c00000, 0x0000000710c00000| Untracked 
| 135|0x0000000710e00000, 0x0000000711000000, 0x0000000711000000|100%| O|  |TAMS 0x0000000711000000, 0x0000000710e00000| Untracked 
| 136|0x0000000711000000, 0x0000000711200000, 0x0000000711200000|100%| O|  |TAMS 0x0000000711200000, 0x0000000711000000| Complete 
| 137|0x0000000711200000, 0x0000000711400000, 0x0000000711400000|100%| O|  |TAMS 0x0000000711400000, 0x0000000711200000| Untracked 
| 138|0x0000000711400000, 0x0000000711400000, 0x0000000711600000|  0%| F|  |TAMS 0x0000000711400000, 0x0000000711400000| Untracked 
| 139|0x0000000711600000, 0x0000000711600000, 0x0000000711800000|  0%| F|  |TAMS 0x0000000711600000, 0x0000000711600000| Untracked 
| 140|0x0000000711800000, 0x0000000711a00000, 0x0000000711a00000|100%| O|  |TAMS 0x0000000711a00000, 0x0000000711800000| Untracked 
| 141|0x0000000711a00000, 0x0000000711c00000, 0x0000000711c00000|100%| O|  |TAMS 0x0000000711c00000, 0x0000000711a00000| Complete 
| 142|0x0000000711c00000, 0x0000000711c00000, 0x0000000711e00000|  0%| F|  |TAMS 0x0000000711c00000, 0x0000000711c00000| Untracked 
| 143|0x0000000711e00000, 0x0000000711e00000, 0x0000000712000000|  0%| F|  |TAMS 0x0000000711e00000, 0x0000000711e00000| Untracked 
| 144|0x0000000712000000, 0x0000000712000000, 0x0000000712200000|  0%| F|  |TAMS 0x0000000712000000, 0x0000000712000000| Untracked 
| 145|0x0000000712200000, 0x0000000712200000, 0x0000000712400000|  0%| F|  |TAMS 0x0000000712200000, 0x0000000712200000| Untracked 
| 146|0x0000000712400000, 0x0000000712400000, 0x0000000712600000|  0%| F|  |TAMS 0x0000000712400000, 0x0000000712400000| Untracked 
| 147|0x0000000712600000, 0x0000000712600000, 0x0000000712800000|  0%| F|  |TAMS 0x0000000712600000, 0x0000000712600000| Untracked 
| 148|0x0000000712800000, 0x0000000712800000, 0x0000000712a00000|  0%| F|  |TAMS 0x0000000712800000, 0x0000000712800000| Untracked 
| 149|0x0000000712a00000, 0x0000000712a00000, 0x0000000712c00000|  0%| F|  |TAMS 0x0000000712a00000, 0x0000000712a00000| Untracked 
| 150|0x0000000712c00000, 0x0000000712c00000, 0x0000000712e00000|  0%| F|  |TAMS 0x0000000712c00000, 0x0000000712c00000| Untracked 
| 151|0x0000000712e00000, 0x0000000712e00000, 0x0000000713000000|  0%| F|  |TAMS 0x0000000712e00000, 0x0000000712e00000| Untracked 
| 152|0x0000000713000000, 0x0000000713000000, 0x0000000713200000|  0%| F|  |TAMS 0x0000000713000000, 0x0000000713000000| Untracked 
| 153|0x0000000713200000, 0x0000000713200000, 0x0000000713400000|  0%| F|  |TAMS 0x0000000713200000, 0x0000000713200000| Untracked 
| 154|0x0000000713400000, 0x0000000713400000, 0x0000000713600000|  0%| F|  |TAMS 0x0000000713400000, 0x0000000713400000| Untracked 
| 155|0x0000000713600000, 0x0000000713600000, 0x0000000713800000|  0%| F|  |TAMS 0x0000000713600000, 0x0000000713600000| Untracked 
| 156|0x0000000713800000, 0x0000000713800000, 0x0000000713a00000|  0%| F|  |TAMS 0x0000000713800000, 0x0000000713800000| Untracked 
| 157|0x0000000713a00000, 0x0000000713a00000, 0x0000000713c00000|  0%| F|  |TAMS 0x0000000713a00000, 0x0000000713a00000| Untracked 
| 158|0x0000000713c00000, 0x0000000713c00000, 0x0000000713e00000|  0%| F|  |TAMS 0x0000000713c00000, 0x0000000713c00000| Untracked 
| 159|0x0000000713e00000, 0x0000000713e00000, 0x0000000714000000|  0%| F|  |TAMS 0x0000000713e00000, 0x0000000713e00000| Untracked 
| 160|0x0000000714000000, 0x0000000714000000, 0x0000000714200000|  0%| F|  |TAMS 0x0000000714000000, 0x0000000714000000| Untracked 
| 161|0x0000000714200000, 0x0000000714200000, 0x0000000714400000|  0%| F|  |TAMS 0x0000000714200000, 0x0000000714200000| Untracked 
| 162|0x0000000714400000, 0x0000000714400000, 0x0000000714600000|  0%| F|  |TAMS 0x0000000714400000, 0x0000000714400000| Untracked 
| 163|0x0000000714600000, 0x0000000714600000, 0x0000000714800000|  0%| F|  |TAMS 0x0000000714600000, 0x0000000714600000| Untracked 
| 164|0x0000000714800000, 0x0000000714800000, 0x0000000714a00000|  0%| F|  |TAMS 0x0000000714800000, 0x0000000714800000| Untracked 
| 165|0x0000000714a00000, 0x0000000714a00000, 0x0000000714c00000|  0%| F|  |TAMS 0x0000000714a00000, 0x0000000714a00000| Untracked 
| 166|0x0000000714c00000, 0x0000000714c00000, 0x0000000714e00000|  0%| F|  |TAMS 0x0000000714c00000, 0x0000000714c00000| Untracked 
| 167|0x0000000714e00000, 0x0000000714e00000, 0x0000000715000000|  0%| F|  |TAMS 0x0000000714e00000, 0x0000000714e00000| Untracked 
| 168|0x0000000715000000, 0x0000000715000000, 0x0000000715200000|  0%| F|  |TAMS 0x0000000715000000, 0x0000000715000000| Untracked 
| 169|0x0000000715200000, 0x0000000715200000, 0x0000000715400000|  0%| F|  |TAMS 0x0000000715200000, 0x0000000715200000| Untracked 
| 170|0x0000000715400000, 0x0000000715400000, 0x0000000715600000|  0%| F|  |TAMS 0x0000000715400000, 0x0000000715400000| Untracked 
| 171|0x0000000715600000, 0x0000000715600000, 0x0000000715800000|  0%| F|  |TAMS 0x0000000715600000, 0x0000000715600000| Untracked 
| 172|0x0000000715800000, 0x0000000715800000, 0x0000000715a00000|  0%| F|  |TAMS 0x0000000715800000, 0x0000000715800000| Untracked 
| 173|0x0000000715a00000, 0x0000000715a00000, 0x0000000715c00000|  0%| F|  |TAMS 0x0000000715a00000, 0x0000000715a00000| Untracked 
| 174|0x0000000715c00000, 0x0000000715c00000, 0x0000000715e00000|  0%| F|  |TAMS 0x0000000715c00000, 0x0000000715c00000| Untracked 
| 175|0x0000000715e00000, 0x0000000715e00000, 0x0000000716000000|  0%| F|  |TAMS 0x0000000715e00000, 0x0000000715e00000| Untracked 
| 176|0x0000000716000000, 0x0000000716000000, 0x0000000716200000|  0%| F|  |TAMS 0x0000000716000000, 0x0000000716000000| Untracked 
| 177|0x0000000716200000, 0x0000000716200000, 0x0000000716400000|  0%| F|  |TAMS 0x0000000716200000, 0x0000000716200000| Untracked 
| 178|0x0000000716400000, 0x0000000716400000, 0x0000000716600000|  0%| F|  |TAMS 0x0000000716400000, 0x0000000716400000| Untracked 
| 179|0x0000000716600000, 0x0000000716600000, 0x0000000716800000|  0%| F|  |TAMS 0x0000000716600000, 0x0000000716600000| Untracked 
| 180|0x0000000716800000, 0x0000000716800000, 0x0000000716a00000|  0%| F|  |TAMS 0x0000000716800000, 0x0000000716800000| Untracked 
| 181|0x0000000716a00000, 0x0000000716a00000, 0x0000000716c00000|  0%| F|  |TAMS 0x0000000716a00000, 0x0000000716a00000| Untracked 
| 182|0x0000000716c00000, 0x0000000716c00000, 0x0000000716e00000|  0%| F|  |TAMS 0x0000000716c00000, 0x0000000716c00000| Untracked 
| 183|0x0000000716e00000, 0x0000000716e00000, 0x0000000717000000|  0%| F|  |TAMS 0x0000000716e00000, 0x0000000716e00000| Untracked 
| 184|0x0000000717000000, 0x0000000717000000, 0x0000000717200000|  0%| F|  |TAMS 0x0000000717000000, 0x0000000717000000| Untracked 
| 185|0x0000000717200000, 0x0000000717200000, 0x0000000717400000|  0%| F|  |TAMS 0x0000000717200000, 0x0000000717200000| Untracked 
| 186|0x0000000717400000, 0x0000000717400000, 0x0000000717600000|  0%| F|  |TAMS 0x0000000717400000, 0x0000000717400000| Untracked 
| 187|0x0000000717600000, 0x0000000717600000, 0x0000000717800000|  0%| F|  |TAMS 0x0000000717600000, 0x0000000717600000| Untracked 
| 188|0x0000000717800000, 0x0000000717800000, 0x0000000717a00000|  0%| F|  |TAMS 0x0000000717800000, 0x0000000717800000| Untracked 
| 189|0x0000000717a00000, 0x0000000717c00000, 0x0000000717c00000|100%| O|  |TAMS 0x0000000717c00000, 0x0000000717a00000| Complete 
| 190|0x0000000717c00000, 0x0000000717e00000, 0x0000000717e00000|100%| O|  |TAMS 0x0000000717e00000, 0x0000000717c00000| Complete 
| 191|0x0000000717e00000, 0x0000000718000000, 0x0000000718000000|100%| O|  |TAMS 0x0000000718000000, 0x0000000717e00000| Complete 
| 192|0x0000000718000000, 0x0000000718200000, 0x0000000718200000|100%| O|  |TAMS 0x0000000718200000, 0x0000000718000000| Complete 
| 193|0x0000000718200000, 0x0000000718200000, 0x0000000718400000|  0%| F|  |TAMS 0x0000000718200000, 0x0000000718200000| Untracked 
| 194|0x0000000718400000, 0x0000000718400000, 0x0000000718600000|  0%| F|  |TAMS 0x0000000718400000, 0x0000000718400000| Untracked 
| 195|0x0000000718600000, 0x0000000718600000, 0x0000000718800000|  0%| F|  |TAMS 0x0000000718600000, 0x0000000718600000| Untracked 
| 196|0x0000000718800000, 0x0000000718800000, 0x0000000718a00000|  0%| F|  |TAMS 0x0000000718800000, 0x0000000718800000| Untracked 
| 197|0x0000000718a00000, 0x0000000718a00000, 0x0000000718c00000|  0%| F|  |TAMS 0x0000000718a00000, 0x0000000718a00000| Untracked 
| 198|0x0000000718c00000, 0x0000000718c00000, 0x0000000718e00000|  0%| F|  |TAMS 0x0000000718c00000, 0x0000000718c00000| Untracked 
| 199|0x0000000718e00000, 0x0000000718e00000, 0x0000000719000000|  0%| F|  |TAMS 0x0000000718e00000, 0x0000000718e00000| Untracked 
| 200|0x0000000719000000, 0x0000000719000000, 0x0000000719200000|  0%| F|  |TAMS 0x0000000719000000, 0x0000000719000000| Untracked 
| 201|0x0000000719200000, 0x0000000719200000, 0x0000000719400000|  0%| F|  |TAMS 0x0000000719200000, 0x0000000719200000| Untracked 
| 202|0x0000000719400000, 0x0000000719400000, 0x0000000719600000|  0%| F|  |TAMS 0x0000000719400000, 0x0000000719400000| Untracked 
| 203|0x0000000719600000, 0x0000000719600000, 0x0000000719800000|  0%| F|  |TAMS 0x0000000719600000, 0x0000000719600000| Untracked 
| 204|0x0000000719800000, 0x0000000719800000, 0x0000000719a00000|  0%| F|  |TAMS 0x0000000719800000, 0x0000000719800000| Untracked 
| 205|0x0000000719a00000, 0x0000000719a00000, 0x0000000719c00000|  0%| F|  |TAMS 0x0000000719a00000, 0x0000000719a00000| Untracked 
| 206|0x0000000719c00000, 0x0000000719c00000, 0x0000000719e00000|  0%| F|  |TAMS 0x0000000719c00000, 0x0000000719c00000| Untracked 
| 207|0x0000000719e00000, 0x0000000719e00000, 0x000000071a000000|  0%| F|  |TAMS 0x0000000719e00000, 0x0000000719e00000| Untracked 
| 208|0x000000071a000000, 0x000000071a000000, 0x000000071a200000|  0%| F|  |TAMS 0x000000071a000000, 0x000000071a000000| Untracked 
| 209|0x000000071a200000, 0x000000071a200000, 0x000000071a400000|  0%| F|  |TAMS 0x000000071a200000, 0x000000071a200000| Untracked 
| 210|0x000000071a400000, 0x000000071a400000, 0x000000071a600000|  0%| F|  |TAMS 0x000000071a400000, 0x000000071a400000| Untracked 
| 211|0x000000071a600000, 0x000000071a600000, 0x000000071a800000|  0%| F|  |TAMS 0x000000071a600000, 0x000000071a600000| Untracked 
| 212|0x000000071a800000, 0x000000071aa00000, 0x000000071aa00000|100%| O|  |TAMS 0x000000071aa00000, 0x000000071a800000| Complete 
| 213|0x000000071aa00000, 0x000000071ac00000, 0x000000071ac00000|100%| O|  |TAMS 0x000000071ac00000, 0x000000071aa00000| Complete 
| 214|0x000000071ac00000, 0x000000071ae00000, 0x000000071ae00000|100%| O|  |TAMS 0x000000071ae00000, 0x000000071ac00000| Complete 
| 215|0x000000071ae00000, 0x000000071ae00000, 0x000000071b000000|  0%| F|  |TAMS 0x000000071ae00000, 0x000000071ae00000| Untracked 
| 216|0x000000071b000000, 0x000000071b000000, 0x000000071b200000|  0%| F|  |TAMS 0x000000071b000000, 0x000000071b000000| Untracked 
| 217|0x000000071b200000, 0x000000071b400000, 0x000000071b400000|100%| O|  |TAMS 0x000000071b400000, 0x000000071b200000| Complete 
| 218|0x000000071b400000, 0x000000071b400000, 0x000000071b600000|  0%| F|  |TAMS 0x000000071b400000, 0x000000071b400000| Untracked 
| 219|0x000000071b600000, 0x000000071b800000, 0x000000071b800000|100%| O|  |TAMS 0x000000071b800000, 0x000000071b600000| Complete 
| 220|0x000000071b800000, 0x000000071b800000, 0x000000071ba00000|  0%| F|  |TAMS 0x000000071b800000, 0x000000071b800000| Untracked 
| 221|0x000000071ba00000, 0x000000071ba00000, 0x000000071bc00000|  0%| F|  |TAMS 0x000000071ba00000, 0x000000071ba00000| Untracked 
| 222|0x000000071bc00000, 0x000000071be00000, 0x000000071be00000|100%| O|  |TAMS 0x000000071be00000, 0x000000071bc00000| Complete 
| 223|0x000000071be00000, 0x000000071c000000, 0x000000071c000000|100%| O|  |TAMS 0x000000071c000000, 0x000000071be00000| Complete 
| 224|0x000000071c000000, 0x000000071c200000, 0x000000071c200000|100%| O|  |TAMS 0x000000071c200000, 0x000000071c000000| Complete 
| 225|0x000000071c200000, 0x000000071c200000, 0x000000071c400000|  0%| F|  |TAMS 0x000000071c200000, 0x000000071c200000| Untracked 
| 226|0x000000071c400000, 0x000000071c600000, 0x000000071c600000|100%| O|  |TAMS 0x000000071c600000, 0x000000071c400000| Complete 
| 227|0x000000071c600000, 0x000000071c600000, 0x000000071c800000|  0%| F|  |TAMS 0x000000071c600000, 0x000000071c600000| Untracked 
| 228|0x000000071c800000, 0x000000071c800000, 0x000000071ca00000|  0%| F|  |TAMS 0x000000071c800000, 0x000000071c800000| Untracked 
| 229|0x000000071ca00000, 0x000000071ca00000, 0x000000071cc00000|  0%| F|  |TAMS 0x000000071ca00000, 0x000000071ca00000| Untracked 
| 230|0x000000071cc00000, 0x000000071cc00000, 0x000000071ce00000|  0%| F|  |TAMS 0x000000071cc00000, 0x000000071cc00000| Untracked 
| 231|0x000000071ce00000, 0x000000071ce00000, 0x000000071d000000|  0%| F|  |TAMS 0x000000071ce00000, 0x000000071ce00000| Untracked 
| 232|0x000000071d000000, 0x000000071d000000, 0x000000071d200000|  0%| F|  |TAMS 0x000000071d000000, 0x000000071d000000| Untracked 
| 233|0x000000071d200000, 0x000000071d200000, 0x000000071d400000|  0%| F|  |TAMS 0x000000071d200000, 0x000000071d200000| Untracked 
| 234|0x000000071d400000, 0x000000071d400000, 0x000000071d600000|  0%| F|  |TAMS 0x000000071d400000, 0x000000071d400000| Untracked 
| 235|0x000000071d600000, 0x000000071d600000, 0x000000071d800000|  0%| F|  |TAMS 0x000000071d600000, 0x000000071d600000| Untracked 
| 236|0x000000071d800000, 0x000000071da00000, 0x000000071da00000|100%| O|  |TAMS 0x000000071da00000, 0x000000071d800000| Complete 
| 237|0x000000071da00000, 0x000000071dc00000, 0x000000071dc00000|100%| O|  |TAMS 0x000000071dc00000, 0x000000071da00000| Complete 
| 238|0x000000071dc00000, 0x000000071de00000, 0x000000071de00000|100%| O|  |TAMS 0x000000071de00000, 0x000000071dc00000| Complete 
| 239|0x000000071de00000, 0x000000071de00000, 0x000000071e000000|  0%| F|  |TAMS 0x000000071de00000, 0x000000071de00000| Untracked 
| 240|0x000000071e000000, 0x000000071e000000, 0x000000071e200000|  0%| F|  |TAMS 0x000000071e000000, 0x000000071e000000| Untracked 
| 241|0x000000071e200000, 0x000000071e200000, 0x000000071e400000|  0%| F|  |TAMS 0x000000071e200000, 0x000000071e200000| Untracked 
| 242|0x000000071e400000, 0x000000071e400000, 0x000000071e600000|  0%| F|  |TAMS 0x000000071e400000, 0x000000071e400000| Untracked 
| 243|0x000000071e600000, 0x000000071e600000, 0x000000071e800000|  0%| F|  |TAMS 0x000000071e600000, 0x000000071e600000| Untracked 
| 244|0x000000071e800000, 0x000000071e800000, 0x000000071ea00000|  0%| F|  |TAMS 0x000000071e800000, 0x000000071e800000| Untracked 
| 245|0x000000071ea00000, 0x000000071ea00000, 0x000000071ec00000|  0%| F|  |TAMS 0x000000071ea00000, 0x000000071ea00000| Untracked 
| 246|0x000000071ec00000, 0x000000071ec00000, 0x000000071ee00000|  0%| F|  |TAMS 0x000000071ec00000, 0x000000071ec00000| Untracked 
| 247|0x000000071ee00000, 0x000000071ee00000, 0x000000071f000000|  0%| F|  |TAMS 0x000000071ee00000, 0x000000071ee00000| Untracked 
| 248|0x000000071f000000, 0x000000071f000000, 0x000000071f200000|  0%| F|  |TAMS 0x000000071f000000, 0x000000071f000000| Untracked 
| 249|0x000000071f200000, 0x000000071f200000, 0x000000071f400000|  0%| F|  |TAMS 0x000000071f200000, 0x000000071f200000| Untracked 
| 250|0x000000071f400000, 0x000000071f400000, 0x000000071f600000|  0%| F|  |TAMS 0x000000071f400000, 0x000000071f400000| Untracked 
| 251|0x000000071f600000, 0x000000071f600000, 0x000000071f800000|  0%| F|  |TAMS 0x000000071f600000, 0x000000071f600000| Untracked 
| 252|0x000000071f800000, 0x000000071f800000, 0x000000071fa00000|  0%| F|  |TAMS 0x000000071f800000, 0x000000071f800000| Untracked 
| 253|0x000000071fa00000, 0x000000071fa00000, 0x000000071fc00000|  0%| F|  |TAMS 0x000000071fa00000, 0x000000071fa00000| Untracked 
| 254|0x000000071fc00000, 0x000000071fc00000, 0x000000071fe00000|  0%| F|  |TAMS 0x000000071fc00000, 0x000000071fc00000| Untracked 
| 255|0x000000071fe00000, 0x000000071fe00000, 0x0000000720000000|  0%| F|  |TAMS 0x000000071fe00000, 0x000000071fe00000| Untracked 
| 256|0x0000000720000000, 0x0000000720000000, 0x0000000720200000|  0%| F|  |TAMS 0x0000000720000000, 0x0000000720000000| Untracked 
| 257|0x0000000720200000, 0x0000000720200000, 0x0000000720400000|  0%| F|  |TAMS 0x0000000720200000, 0x0000000720200000| Untracked 
| 258|0x0000000720400000, 0x0000000720400000, 0x0000000720600000|  0%| F|  |TAMS 0x0000000720400000, 0x0000000720400000| Untracked 
| 259|0x0000000720600000, 0x0000000720600000, 0x0000000720800000|  0%| F|  |TAMS 0x0000000720600000, 0x0000000720600000| Untracked 
| 260|0x0000000720800000, 0x0000000720800000, 0x0000000720a00000|  0%| F|  |TAMS 0x0000000720800000, 0x0000000720800000| Untracked 
| 261|0x0000000720a00000, 0x0000000720a00000, 0x0000000720c00000|  0%| F|  |TAMS 0x0000000720a00000, 0x0000000720a00000| Untracked 
| 262|0x0000000720c00000, 0x0000000720c00000, 0x0000000720e00000|  0%| F|  |TAMS 0x0000000720c00000, 0x0000000720c00000| Untracked 
| 263|0x0000000720e00000, 0x0000000720e00000, 0x0000000721000000|  0%| F|  |TAMS 0x0000000720e00000, 0x0000000720e00000| Untracked 
| 264|0x0000000721000000, 0x0000000721000000, 0x0000000721200000|  0%| F|  |TAMS 0x0000000721000000, 0x0000000721000000| Untracked 
| 265|0x0000000721200000, 0x0000000721200000, 0x0000000721400000|  0%| F|  |TAMS 0x0000000721200000, 0x0000000721200000| Untracked 
| 266|0x0000000721400000, 0x0000000721400000, 0x0000000721600000|  0%| F|  |TAMS 0x0000000721400000, 0x0000000721400000| Untracked 
| 267|0x0000000721600000, 0x0000000721600000, 0x0000000721800000|  0%| F|  |TAMS 0x0000000721600000, 0x0000000721600000| Untracked 
| 268|0x0000000721800000, 0x0000000721800000, 0x0000000721a00000|  0%| F|  |TAMS 0x0000000721800000, 0x0000000721800000| Untracked 
| 269|0x0000000721a00000, 0x0000000721ade2c0, 0x0000000721c00000| 43%| S|CS|TAMS 0x0000000721a00000, 0x0000000721a00000| Complete 
| 270|0x0000000721c00000, 0x0000000721e00000, 0x0000000721e00000|100%| S|CS|TAMS 0x0000000721c00000, 0x0000000721c00000| Complete 
| 271|0x0000000721e00000, 0x0000000722000000, 0x0000000722000000|100%| S|CS|TAMS 0x0000000721e00000, 0x0000000721e00000| Complete 
| 272|0x0000000722000000, 0x0000000722200000, 0x0000000722200000|100%| S|CS|TAMS 0x0000000722000000, 0x0000000722000000| Complete 
| 273|0x0000000722200000, 0x0000000722200000, 0x0000000722400000|  0%| F|  |TAMS 0x0000000722200000, 0x0000000722200000| Untracked 
| 274|0x0000000722400000, 0x0000000722400000, 0x0000000722600000|  0%| F|  |TAMS 0x0000000722400000, 0x0000000722400000| Untracked 
| 275|0x0000000722600000, 0x0000000722600000, 0x0000000722800000|  0%| F|  |TAMS 0x0000000722600000, 0x0000000722600000| Untracked 
| 276|0x0000000722800000, 0x0000000722800000, 0x0000000722a00000|  0%| F|  |TAMS 0x0000000722800000, 0x0000000722800000| Untracked 
| 277|0x0000000722a00000, 0x0000000722a00000, 0x0000000722c00000|  0%| F|  |TAMS 0x0000000722a00000, 0x0000000722a00000| Untracked 
| 278|0x0000000722c00000, 0x0000000722c00000, 0x0000000722e00000|  0%| F|  |TAMS 0x0000000722c00000, 0x0000000722c00000| Untracked 
| 279|0x0000000722e00000, 0x0000000722e00000, 0x0000000723000000|  0%| F|  |TAMS 0x0000000722e00000, 0x0000000722e00000| Untracked 
| 280|0x0000000723000000, 0x0000000723000000, 0x0000000723200000|  0%| F|  |TAMS 0x0000000723000000, 0x0000000723000000| Untracked 
| 281|0x0000000723200000, 0x0000000723200000, 0x0000000723400000|  0%| F|  |TAMS 0x0000000723200000, 0x0000000723200000| Untracked 
| 282|0x0000000723400000, 0x0000000723400000, 0x0000000723600000|  0%| F|  |TAMS 0x0000000723400000, 0x0000000723400000| Untracked 
| 283|0x0000000723600000, 0x0000000723600000, 0x0000000723800000|  0%| F|  |TAMS 0x0000000723600000, 0x0000000723600000| Untracked 
| 284|0x0000000723800000, 0x0000000723800000, 0x0000000723a00000|  0%| F|  |TAMS 0x0000000723800000, 0x0000000723800000| Untracked 
| 285|0x0000000723a00000, 0x0000000723a00000, 0x0000000723c00000|  0%| F|  |TAMS 0x0000000723a00000, 0x0000000723a00000| Untracked 
| 286|0x0000000723c00000, 0x0000000723c00000, 0x0000000723e00000|  0%| F|  |TAMS 0x0000000723c00000, 0x0000000723c00000| Untracked 
| 287|0x0000000723e00000, 0x0000000723e00000, 0x0000000724000000|  0%| F|  |TAMS 0x0000000723e00000, 0x0000000723e00000| Untracked 
| 288|0x0000000724000000, 0x0000000724000000, 0x0000000724200000|  0%| F|  |TAMS 0x0000000724000000, 0x0000000724000000| Untracked 
| 289|0x0000000724200000, 0x0000000724200000, 0x0000000724400000|  0%| F|  |TAMS 0x0000000724200000, 0x0000000724200000| Untracked 
| 290|0x0000000724400000, 0x0000000724400000, 0x0000000724600000|  0%| F|  |TAMS 0x0000000724400000, 0x0000000724400000| Untracked 
| 291|0x0000000724600000, 0x0000000724600000, 0x0000000724800000|  0%| F|  |TAMS 0x0000000724600000, 0x0000000724600000| Untracked 
| 292|0x0000000724800000, 0x0000000724800000, 0x0000000724a00000|  0%| F|  |TAMS 0x0000000724800000, 0x0000000724800000| Untracked 
| 293|0x0000000724a00000, 0x0000000724a00000, 0x0000000724c00000|  0%| F|  |TAMS 0x0000000724a00000, 0x0000000724a00000| Untracked 
| 294|0x0000000724c00000, 0x0000000724c00000, 0x0000000724e00000|  0%| F|  |TAMS 0x0000000724c00000, 0x0000000724c00000| Untracked 
| 295|0x0000000724e00000, 0x0000000724e00000, 0x0000000725000000|  0%| F|  |TAMS 0x0000000724e00000, 0x0000000724e00000| Untracked 
| 296|0x0000000725000000, 0x0000000725000000, 0x0000000725200000|  0%| F|  |TAMS 0x0000000725000000, 0x0000000725000000| Untracked 
| 297|0x0000000725200000, 0x0000000725200000, 0x0000000725400000|  0%| F|  |TAMS 0x0000000725200000, 0x0000000725200000| Untracked 
| 298|0x0000000725400000, 0x0000000725400000, 0x0000000725600000|  0%| F|  |TAMS 0x0000000725400000, 0x0000000725400000| Untracked 
| 299|0x0000000725600000, 0x0000000725600000, 0x0000000725800000|  0%| F|  |TAMS 0x0000000725600000, 0x0000000725600000| Untracked 
| 300|0x0000000725800000, 0x0000000725800000, 0x0000000725a00000|  0%| F|  |TAMS 0x0000000725800000, 0x0000000725800000| Untracked 
| 301|0x0000000725a00000, 0x0000000725a00000, 0x0000000725c00000|  0%| F|  |TAMS 0x0000000725a00000, 0x0000000725a00000| Untracked 
| 302|0x0000000725c00000, 0x0000000725c00000, 0x0000000725e00000|  0%| F|  |TAMS 0x0000000725c00000, 0x0000000725c00000| Untracked 
| 303|0x0000000725e00000, 0x0000000725e00000, 0x0000000726000000|  0%| F|  |TAMS 0x0000000725e00000, 0x0000000725e00000| Untracked 
| 304|0x0000000726000000, 0x0000000726000000, 0x0000000726200000|  0%| F|  |TAMS 0x0000000726000000, 0x0000000726000000| Untracked 
| 305|0x0000000726200000, 0x0000000726200000, 0x0000000726400000|  0%| F|  |TAMS 0x0000000726200000, 0x0000000726200000| Untracked 
| 306|0x0000000726400000, 0x0000000726400000, 0x0000000726600000|  0%| F|  |TAMS 0x0000000726400000, 0x0000000726400000| Untracked 
| 307|0x0000000726600000, 0x0000000726600000, 0x0000000726800000|  0%| F|  |TAMS 0x0000000726600000, 0x0000000726600000| Untracked 
| 308|0x0000000726800000, 0x0000000726800000, 0x0000000726a00000|  0%| F|  |TAMS 0x0000000726800000, 0x0000000726800000| Untracked 
| 309|0x0000000726a00000, 0x0000000726a00000, 0x0000000726c00000|  0%| F|  |TAMS 0x0000000726a00000, 0x0000000726a00000| Untracked 
| 310|0x0000000726c00000, 0x0000000726c00000, 0x0000000726e00000|  0%| F|  |TAMS 0x0000000726c00000, 0x0000000726c00000| Untracked 
| 311|0x0000000726e00000, 0x0000000726e00000, 0x0000000727000000|  0%| F|  |TAMS 0x0000000726e00000, 0x0000000726e00000| Untracked 
| 312|0x0000000727000000, 0x0000000727000000, 0x0000000727200000|  0%| F|  |TAMS 0x0000000727000000, 0x0000000727000000| Untracked 
| 313|0x0000000727200000, 0x0000000727200000, 0x0000000727400000|  0%| F|  |TAMS 0x0000000727200000, 0x0000000727200000| Untracked 
| 314|0x0000000727400000, 0x0000000727400000, 0x0000000727600000|  0%| F|  |TAMS 0x0000000727400000, 0x0000000727400000| Untracked 
| 315|0x0000000727600000, 0x0000000727600000, 0x0000000727800000|  0%| F|  |TAMS 0x0000000727600000, 0x0000000727600000| Untracked 
| 316|0x0000000727800000, 0x0000000727800000, 0x0000000727a00000|  0%| F|  |TAMS 0x0000000727800000, 0x0000000727800000| Untracked 
| 317|0x0000000727a00000, 0x0000000727a00000, 0x0000000727c00000|  0%| F|  |TAMS 0x0000000727a00000, 0x0000000727a00000| Untracked 
| 318|0x0000000727c00000, 0x0000000727c00000, 0x0000000727e00000|  0%| F|  |TAMS 0x0000000727c00000, 0x0000000727c00000| Untracked 
| 319|0x0000000727e00000, 0x0000000727e00000, 0x0000000728000000|  0%| F|  |TAMS 0x0000000727e00000, 0x0000000727e00000| Untracked 
| 320|0x0000000728000000, 0x0000000728000000, 0x0000000728200000|  0%| F|  |TAMS 0x0000000728000000, 0x0000000728000000| Untracked 
| 321|0x0000000728200000, 0x0000000728200000, 0x0000000728400000|  0%| F|  |TAMS 0x0000000728200000, 0x0000000728200000| Untracked 
| 322|0x0000000728400000, 0x0000000728400000, 0x0000000728600000|  0%| F|  |TAMS 0x0000000728400000, 0x0000000728400000| Untracked 
| 323|0x0000000728600000, 0x0000000728600000, 0x0000000728800000|  0%| F|  |TAMS 0x0000000728600000, 0x0000000728600000| Untracked 
| 324|0x0000000728800000, 0x0000000728800000, 0x0000000728a00000|  0%| F|  |TAMS 0x0000000728800000, 0x0000000728800000| Untracked 
| 325|0x0000000728a00000, 0x0000000728a00000, 0x0000000728c00000|  0%| F|  |TAMS 0x0000000728a00000, 0x0000000728a00000| Untracked 
| 326|0x0000000728c00000, 0x0000000728c00000, 0x0000000728e00000|  0%| F|  |TAMS 0x0000000728c00000, 0x0000000728c00000| Untracked 
| 327|0x0000000728e00000, 0x0000000728e00000, 0x0000000729000000|  0%| F|  |TAMS 0x0000000728e00000, 0x0000000728e00000| Untracked 
| 328|0x0000000729000000, 0x0000000729000000, 0x0000000729200000|  0%| F|  |TAMS 0x0000000729000000, 0x0000000729000000| Untracked 
| 329|0x0000000729200000, 0x0000000729200000, 0x0000000729400000|  0%| F|  |TAMS 0x0000000729200000, 0x0000000729200000| Untracked 
| 330|0x0000000729400000, 0x0000000729400000, 0x0000000729600000|  0%| F|  |TAMS 0x0000000729400000, 0x0000000729400000| Untracked 
| 331|0x0000000729600000, 0x0000000729600000, 0x0000000729800000|  0%| F|  |TAMS 0x0000000729600000, 0x0000000729600000| Untracked 
| 332|0x0000000729800000, 0x0000000729800000, 0x0000000729a00000|  0%| F|  |TAMS 0x0000000729800000, 0x0000000729800000| Untracked 
| 333|0x0000000729a00000, 0x0000000729a00000, 0x0000000729c00000|  0%| F|  |TAMS 0x0000000729a00000, 0x0000000729a00000| Untracked 
| 334|0x0000000729c00000, 0x0000000729c00000, 0x0000000729e00000|  0%| F|  |TAMS 0x0000000729c00000, 0x0000000729c00000| Untracked 
| 335|0x0000000729e00000, 0x0000000729e00000, 0x000000072a000000|  0%| F|  |TAMS 0x0000000729e00000, 0x0000000729e00000| Untracked 
| 336|0x000000072a000000, 0x000000072a000000, 0x000000072a200000|  0%| F|  |TAMS 0x000000072a000000, 0x000000072a000000| Untracked 
| 337|0x000000072a200000, 0x000000072a200000, 0x000000072a400000|  0%| F|  |TAMS 0x000000072a200000, 0x000000072a200000| Untracked 
| 338|0x000000072a400000, 0x000000072a400000, 0x000000072a600000|  0%| F|  |TAMS 0x000000072a400000, 0x000000072a400000| Untracked 
| 339|0x000000072a600000, 0x000000072a600000, 0x000000072a800000|  0%| F|  |TAMS 0x000000072a600000, 0x000000072a600000| Untracked 
| 340|0x000000072a800000, 0x000000072a800000, 0x000000072aa00000|  0%| F|  |TAMS 0x000000072a800000, 0x000000072a800000| Untracked 
| 341|0x000000072aa00000, 0x000000072aa00000, 0x000000072ac00000|  0%| F|  |TAMS 0x000000072aa00000, 0x000000072aa00000| Untracked 
| 342|0x000000072ac00000, 0x000000072ac00000, 0x000000072ae00000|  0%| F|  |TAMS 0x000000072ac00000, 0x000000072ac00000| Untracked 
| 343|0x000000072ae00000, 0x000000072ae00000, 0x000000072b000000|  0%| F|  |TAMS 0x000000072ae00000, 0x000000072ae00000| Untracked 
| 344|0x000000072b000000, 0x000000072b000000, 0x000000072b200000|  0%| F|  |TAMS 0x000000072b000000, 0x000000072b000000| Untracked 
| 345|0x000000072b200000, 0x000000072b200000, 0x000000072b400000|  0%| F|  |TAMS 0x000000072b200000, 0x000000072b200000| Untracked 
| 346|0x000000072b400000, 0x000000072b400000, 0x000000072b600000|  0%| F|  |TAMS 0x000000072b400000, 0x000000072b400000| Untracked 
| 347|0x000000072b600000, 0x000000072b600000, 0x000000072b800000|  0%| F|  |TAMS 0x000000072b600000, 0x000000072b600000| Untracked 
| 348|0x000000072b800000, 0x000000072b800000, 0x000000072ba00000|  0%| F|  |TAMS 0x000000072b800000, 0x000000072b800000| Untracked 
| 349|0x000000072ba00000, 0x000000072ba00000, 0x000000072bc00000|  0%| F|  |TAMS 0x000000072ba00000, 0x000000072ba00000| Untracked 
| 350|0x000000072bc00000, 0x000000072bc00000, 0x000000072be00000|  0%| F|  |TAMS 0x000000072bc00000, 0x000000072bc00000| Untracked 
| 351|0x000000072be00000, 0x000000072be00000, 0x000000072c000000|  0%| F|  |TAMS 0x000000072be00000, 0x000000072be00000| Untracked 
| 352|0x000000072c000000, 0x000000072c000000, 0x000000072c200000|  0%| F|  |TAMS 0x000000072c000000, 0x000000072c000000| Untracked 
| 353|0x000000072c200000, 0x000000072c200000, 0x000000072c400000|  0%| F|  |TAMS 0x000000072c200000, 0x000000072c200000| Untracked 
| 354|0x000000072c400000, 0x000000072c400000, 0x000000072c600000|  0%| F|  |TAMS 0x000000072c400000, 0x000000072c400000| Untracked 
| 355|0x000000072c600000, 0x000000072c600000, 0x000000072c800000|  0%| F|  |TAMS 0x000000072c600000, 0x000000072c600000| Untracked 
| 356|0x000000072c800000, 0x000000072c800000, 0x000000072ca00000|  0%| F|  |TAMS 0x000000072c800000, 0x000000072c800000| Untracked 
| 357|0x000000072ca00000, 0x000000072ca00000, 0x000000072cc00000|  0%| F|  |TAMS 0x000000072ca00000, 0x000000072ca00000| Untracked 
| 358|0x000000072cc00000, 0x000000072cc00000, 0x000000072ce00000|  0%| F|  |TAMS 0x000000072cc00000, 0x000000072cc00000| Untracked 
| 359|0x000000072ce00000, 0x000000072ce00000, 0x000000072d000000|  0%| F|  |TAMS 0x000000072ce00000, 0x000000072ce00000| Untracked 
| 360|0x000000072d000000, 0x000000072d000000, 0x000000072d200000|  0%| F|  |TAMS 0x000000072d000000, 0x000000072d000000| Untracked 
| 361|0x000000072d200000, 0x000000072d200000, 0x000000072d400000|  0%| F|  |TAMS 0x000000072d200000, 0x000000072d200000| Untracked 
| 362|0x000000072d400000, 0x000000072d400000, 0x000000072d600000|  0%| F|  |TAMS 0x000000072d400000, 0x000000072d400000| Untracked 
| 363|0x000000072d600000, 0x000000072d600000, 0x000000072d800000|  0%| F|  |TAMS 0x000000072d600000, 0x000000072d600000| Untracked 
| 364|0x000000072d800000, 0x000000072d800000, 0x000000072da00000|  0%| F|  |TAMS 0x000000072d800000, 0x000000072d800000| Untracked 
| 365|0x000000072da00000, 0x000000072da00000, 0x000000072dc00000|  0%| F|  |TAMS 0x000000072da00000, 0x000000072da00000| Untracked 
| 366|0x000000072dc00000, 0x000000072dc00000, 0x000000072de00000|  0%| F|  |TAMS 0x000000072dc00000, 0x000000072dc00000| Untracked 
| 367|0x000000072de00000, 0x000000072de00000, 0x000000072e000000|  0%| F|  |TAMS 0x000000072de00000, 0x000000072de00000| Untracked 
| 368|0x000000072e000000, 0x000000072e000000, 0x000000072e200000|  0%| F|  |TAMS 0x000000072e000000, 0x000000072e000000| Untracked 
| 369|0x000000072e200000, 0x000000072e200000, 0x000000072e400000|  0%| F|  |TAMS 0x000000072e200000, 0x000000072e200000| Untracked 
| 370|0x000000072e400000, 0x000000072e400000, 0x000000072e600000|  0%| F|  |TAMS 0x000000072e400000, 0x000000072e400000| Untracked 
| 371|0x000000072e600000, 0x000000072e600000, 0x000000072e800000|  0%| F|  |TAMS 0x000000072e600000, 0x000000072e600000| Untracked 
| 372|0x000000072e800000, 0x000000072e800000, 0x000000072ea00000|  0%| F|  |TAMS 0x000000072e800000, 0x000000072e800000| Untracked 
| 373|0x000000072ea00000, 0x000000072ea00000, 0x000000072ec00000|  0%| F|  |TAMS 0x000000072ea00000, 0x000000072ea00000| Untracked 
| 374|0x000000072ec00000, 0x000000072ec00000, 0x000000072ee00000|  0%| F|  |TAMS 0x000000072ec00000, 0x000000072ec00000| Untracked 
| 375|0x000000072ee00000, 0x000000072ee00000, 0x000000072f000000|  0%| F|  |TAMS 0x000000072ee00000, 0x000000072ee00000| Untracked 
| 376|0x000000072f000000, 0x000000072f000000, 0x000000072f200000|  0%| F|  |TAMS 0x000000072f000000, 0x000000072f000000| Untracked 
| 377|0x000000072f200000, 0x000000072f200000, 0x000000072f400000|  0%| F|  |TAMS 0x000000072f200000, 0x000000072f200000| Untracked 
| 378|0x000000072f400000, 0x000000072f400000, 0x000000072f600000|  0%| F|  |TAMS 0x000000072f400000, 0x000000072f400000| Untracked 
| 379|0x000000072f600000, 0x000000072f600000, 0x000000072f800000|  0%| F|  |TAMS 0x000000072f600000, 0x000000072f600000| Untracked 
| 380|0x000000072f800000, 0x000000072f800000, 0x000000072fa00000|  0%| F|  |TAMS 0x000000072f800000, 0x000000072f800000| Untracked 
| 381|0x000000072fa00000, 0x000000072fa00000, 0x000000072fc00000|  0%| F|  |TAMS 0x000000072fa00000, 0x000000072fa00000| Untracked 
| 382|0x000000072fc00000, 0x000000072fc00000, 0x000000072fe00000|  0%| F|  |TAMS 0x000000072fc00000, 0x000000072fc00000| Untracked 
| 383|0x000000072fe00000, 0x000000072fe00000, 0x0000000730000000|  0%| F|  |TAMS 0x000000072fe00000, 0x000000072fe00000| Untracked 
| 384|0x0000000730000000, 0x0000000730000000, 0x0000000730200000|  0%| F|  |TAMS 0x0000000730000000, 0x0000000730000000| Untracked 
| 385|0x0000000730200000, 0x0000000730200000, 0x0000000730400000|  0%| F|  |TAMS 0x0000000730200000, 0x0000000730200000| Untracked 
| 386|0x0000000730400000, 0x0000000730400000, 0x0000000730600000|  0%| F|  |TAMS 0x0000000730400000, 0x0000000730400000| Untracked 
| 387|0x0000000730600000, 0x0000000730600000, 0x0000000730800000|  0%| F|  |TAMS 0x0000000730600000, 0x0000000730600000| Untracked 
| 388|0x0000000730800000, 0x0000000730800000, 0x0000000730a00000|  0%| F|  |TAMS 0x0000000730800000, 0x0000000730800000| Untracked 
| 389|0x0000000730a00000, 0x0000000730a00000, 0x0000000730c00000|  0%| F|  |TAMS 0x0000000730a00000, 0x0000000730a00000| Untracked 
| 390|0x0000000730c00000, 0x0000000730c00000, 0x0000000730e00000|  0%| F|  |TAMS 0x0000000730c00000, 0x0000000730c00000| Untracked 
| 391|0x0000000730e00000, 0x0000000730e00000, 0x0000000731000000|  0%| F|  |TAMS 0x0000000730e00000, 0x0000000730e00000| Untracked 
| 392|0x0000000731000000, 0x0000000731000000, 0x0000000731200000|  0%| F|  |TAMS 0x0000000731000000, 0x0000000731000000| Untracked 
| 393|0x0000000731200000, 0x0000000731200000, 0x0000000731400000|  0%| F|  |TAMS 0x0000000731200000, 0x0000000731200000| Untracked 
| 394|0x0000000731400000, 0x0000000731400000, 0x0000000731600000|  0%| F|  |TAMS 0x0000000731400000, 0x0000000731400000| Untracked 
| 395|0x0000000731600000, 0x0000000731600000, 0x0000000731800000|  0%| F|  |TAMS 0x0000000731600000, 0x0000000731600000| Untracked 
| 396|0x0000000731800000, 0x0000000731800000, 0x0000000731a00000|  0%| F|  |TAMS 0x0000000731800000, 0x0000000731800000| Untracked 
| 397|0x0000000731a00000, 0x0000000731a00000, 0x0000000731c00000|  0%| F|  |TAMS 0x0000000731a00000, 0x0000000731a00000| Untracked 
| 398|0x0000000731c00000, 0x0000000731d36c68, 0x0000000731e00000| 60%| E|  |TAMS 0x0000000731c00000, 0x0000000731c00000| Complete 
| 399|0x0000000731e00000, 0x0000000732000000, 0x0000000732000000|100%| E|CS|TAMS 0x0000000731e00000, 0x0000000731e00000| Complete 
| 400|0x0000000732000000, 0x0000000732200000, 0x0000000732200000|100%| E|CS|TAMS 0x0000000732000000, 0x0000000732000000| Complete 
| 401|0x0000000732200000, 0x0000000732400000, 0x0000000732400000|100%| E|CS|TAMS 0x0000000732200000, 0x0000000732200000| Complete 
| 402|0x0000000732400000, 0x0000000732600000, 0x0000000732600000|100%| E|CS|TAMS 0x0000000732400000, 0x0000000732400000| Complete 
| 403|0x0000000732600000, 0x0000000732800000, 0x0000000732800000|100%| E|CS|TAMS 0x0000000732600000, 0x0000000732600000| Complete 
| 404|0x0000000732800000, 0x0000000732a00000, 0x0000000732a00000|100%| E|CS|TAMS 0x0000000732800000, 0x0000000732800000| Complete 
| 405|0x0000000732a00000, 0x0000000732c00000, 0x0000000732c00000|100%| E|CS|TAMS 0x0000000732a00000, 0x0000000732a00000| Complete 
| 406|0x0000000732c00000, 0x0000000732e00000, 0x0000000732e00000|100%| E|CS|TAMS 0x0000000732c00000, 0x0000000732c00000| Complete 
| 407|0x0000000732e00000, 0x0000000733000000, 0x0000000733000000|100%| E|CS|TAMS 0x0000000732e00000, 0x0000000732e00000| Complete 
| 408|0x0000000733000000, 0x0000000733200000, 0x0000000733200000|100%| E|CS|TAMS 0x0000000733000000, 0x0000000733000000| Complete 
| 409|0x0000000733200000, 0x0000000733400000, 0x0000000733400000|100%| E|CS|TAMS 0x0000000733200000, 0x0000000733200000| Complete 
| 410|0x0000000733400000, 0x0000000733600000, 0x0000000733600000|100%| E|CS|TAMS 0x0000000733400000, 0x0000000733400000| Complete 
| 411|0x0000000733600000, 0x0000000733800000, 0x0000000733800000|100%| E|CS|TAMS 0x0000000733600000, 0x0000000733600000| Complete 
| 412|0x0000000733800000, 0x0000000733a00000, 0x0000000733a00000|100%| E|CS|TAMS 0x0000000733800000, 0x0000000733800000| Complete 
| 413|0x0000000733a00000, 0x0000000733c00000, 0x0000000733c00000|100%| E|CS|TAMS 0x0000000733a00000, 0x0000000733a00000| Complete 
| 414|0x0000000733c00000, 0x0000000733e00000, 0x0000000733e00000|100%| E|CS|TAMS 0x0000000733c00000, 0x0000000733c00000| Complete 
| 415|0x0000000733e00000, 0x0000000734000000, 0x0000000734000000|100%| E|CS|TAMS 0x0000000733e00000, 0x0000000733e00000| Complete 
| 416|0x0000000734000000, 0x0000000734200000, 0x0000000734200000|100%| E|CS|TAMS 0x0000000734000000, 0x0000000734000000| Complete 
| 417|0x0000000734200000, 0x0000000734400000, 0x0000000734400000|100%| E|CS|TAMS 0x0000000734200000, 0x0000000734200000| Complete 
| 418|0x0000000734400000, 0x0000000734600000, 0x0000000734600000|100%| E|CS|TAMS 0x0000000734400000, 0x0000000734400000| Complete 
| 419|0x0000000734600000, 0x0000000734800000, 0x0000000734800000|100%| E|CS|TAMS 0x0000000734600000, 0x0000000734600000| Complete 
| 420|0x0000000734800000, 0x0000000734a00000, 0x0000000734a00000|100%| E|CS|TAMS 0x0000000734800000, 0x0000000734800000| Complete 
| 421|0x0000000734a00000, 0x0000000734c00000, 0x0000000734c00000|100%| E|CS|TAMS 0x0000000734a00000, 0x0000000734a00000| Complete 
| 422|0x0000000734c00000, 0x0000000734e00000, 0x0000000734e00000|100%| E|CS|TAMS 0x0000000734c00000, 0x0000000734c00000| Complete 
| 423|0x0000000734e00000, 0x0000000735000000, 0x0000000735000000|100%| E|CS|TAMS 0x0000000734e00000, 0x0000000734e00000| Complete 
| 424|0x0000000735000000, 0x0000000735200000, 0x0000000735200000|100%| E|CS|TAMS 0x0000000735000000, 0x0000000735000000| Complete 
| 425|0x0000000735200000, 0x0000000735400000, 0x0000000735400000|100%| E|CS|TAMS 0x0000000735200000, 0x0000000735200000| Complete 
| 443|0x0000000737600000, 0x0000000737800000, 0x0000000737800000|100%| E|CS|TAMS 0x0000000737600000, 0x0000000737600000| Complete 
| 444|0x0000000737800000, 0x0000000737a00000, 0x0000000737a00000|100%| E|CS|TAMS 0x0000000737800000, 0x0000000737800000| Complete 
| 445|0x0000000737a00000, 0x0000000737c00000, 0x0000000737c00000|100%| E|CS|TAMS 0x0000000737a00000, 0x0000000737a00000| Complete 
| 907|0x0000000771600000, 0x0000000771800000, 0x0000000771800000|100%| E|CS|TAMS 0x0000000771600000, 0x0000000771600000| Complete 
| 908|0x0000000771800000, 0x0000000771a00000, 0x0000000771a00000|100%| E|CS|TAMS 0x0000000771800000, 0x0000000771800000| Complete 
| 909|0x0000000771a00000, 0x0000000771c00000, 0x0000000771c00000|100%| E|CS|TAMS 0x0000000771a00000, 0x0000000771a00000| Complete 
| 910|0x0000000771c00000, 0x0000000771e00000, 0x0000000771e00000|100%| E|CS|TAMS 0x0000000771c00000, 0x0000000771c00000| Complete 
|2047|0x00000007ffe00000, 0x0000000800000000, 0x0000000800000000|100%| O|  |TAMS 0x0000000800000000, 0x00000007ffe00000| Untracked 

Card table byte_map: [0x0000021f14010000,0x0000021f14810000] _byte_map_base: 0x0000021f10810000

Marking Bits (Prev, Next): (CMBitMap*) 0x0000021f7f412760, (CMBitMap*) 0x0000021f7f4127a0
 Prev Bits: [0x0000021f15010000, 0x0000021f19010000)
 Next Bits: [0x0000021f19010000, 0x0000021f1d010000)

Polling page: 0x0000021f7eee0000

Metaspace:

Usage:
  Non-class:    141.58 MB used.
      Class:     21.64 MB used.
       Both:    163.21 MB used.

Virtual space:
  Non-class space:      152.00 MB reserved,     143.31 MB ( 94%) committed,  19 nodes.
      Class space:        1.00 GB reserved,      22.81 MB (  2%) committed,  1 nodes.
             Both:        1.15 GB reserved,     166.12 MB ( 14%) committed. 

Chunk freelists:
   Non-Class:  4.63 MB
       Class:  1.46 MB
        Both:  6.09 MB

MaxMetaspaceSize: 2.00 GB
CompressedClassSpaceSize: 1.00 GB
Initial GC threshold: 21.00 MB
Current GC threshold: 276.88 MB
CDS: off
MetaspaceReclaimPolicy: balanced
 - commit_granule_bytes: 65536.
 - commit_granule_words: 8192.
 - virtual_space_node_default_size: 1048576.
 - enlarge_chunks_in_place: 1.
 - new_chunks_are_fully_committed: 0.
 - uncommit_free_chunks: 1.
 - use_allocation_guard: 0.
 - handle_deallocations: 1.


Internal statistics:

num_allocs_failed_limit: 9.
num_arena_births: 4186.
num_arena_deaths: 880.
num_vsnodes_births: 20.
num_vsnodes_deaths: 0.
num_space_committed: 2659.
num_space_uncommitted: 3.
num_chunks_returned_to_freelist: 1103.
num_chunks_taken_from_freelist: 11694.
num_chunk_merges: 371.
num_chunk_splits: 7051.
num_chunks_enlarged: 3883.
num_purges: 12.
num_inconsistent_stats: 0.

CodeHeap 'non-profiled nmethods': size=120000Kb used=35133Kb max_used=35133Kb free=84866Kb
 bounds [0x0000021f0c2e0000, 0x0000021f0e530000, 0x0000021f13810000]
CodeHeap 'profiled nmethods': size=120000Kb used=56857Kb max_used=57302Kb free=63142Kb
 bounds [0x0000021f04810000, 0x0000021f08010000, 0x0000021f0bd40000]
CodeHeap 'non-nmethods': size=5760Kb used=2512Kb max_used=2598Kb free=3247Kb
 bounds [0x0000021f0bd40000, 0x0000021f0bfd0000, 0x0000021f0c2e0000]
 total_blobs=31507 nmethods=30462 adapters=955
 compilation: enabled
              stopped_count=0, restarted_count=0
 full_count=0

Compilation events (20 events):
Event: 20374.984 Thread 0x0000021f1fc7f030 nmethod 41517 0x0000021f075e3390 code [0x0000021f075e3620, 0x0000021f075e42f8]
Event: 20374.995 Thread 0x0000021f1fc7f030 41519       3       org.gradle.api.internal.project.BuildOperationCrossProjectConfigurator::access$100 (7 bytes)
Event: 20374.996 Thread 0x0000021f1fc7f030 nmethod 41519 0x0000021f0761b510 code [0x0000021f0761b7a0, 0x0000021f0761c4c8]
Event: 20374.996 Thread 0x0000021f1fc7f030 41520       3       org.gradle.api.internal.project.BuildOperationCrossProjectConfigurator::runProjectConfigureAction (20 bytes)
Event: 20374.997 Thread 0x0000021f1fc7f030 nmethod 41520 0x0000021f0770a710 code [0x0000021f0770a980, 0x0000021f0770b668]
Event: 20374.997 Thread 0x0000021f1fc7f030 41521       3       org.gradle.api.internal.project.BuildOperationCrossProjectConfigurator$$Lambda$1426/0x000000080099d7a0::<init> (20 bytes)
Event: 20374.997 Thread 0x0000021f1fc7f030 nmethod 41521 0x0000021f07388d10 code [0x0000021f07388ec0, 0x0000021f07389158]
Event: 20375.010 Thread 0x0000021f1fc7f030 41522       3       org.gradle.api.internal.artifacts.ivyservice.resolveengine.LatestModuleConflictResolver::select (388 bytes)
Event: 20375.013 Thread 0x0000021f1fc7f030 nmethod 41522 0x0000021f05c4d810 code [0x0000021f05c4de20, 0x0000021f05c51f18]
Event: 20375.023 Thread 0x0000021f1fc7f030 41525       1       org.gradle.api.internal.artifacts.ivyservice.resolveengine.result.DefaultResolutionResultBuilder$RootFactory::create (5 bytes)
Event: 20375.023 Thread 0x0000021f1fc7f030 nmethod 41525 0x0000021f0e52e590 code [0x0000021f0e52e720, 0x0000021f0e52e7f8]
Event: 20375.024 Thread 0x0000021f35665050 41518       4       org.gradle.api.internal.artifacts.result.DefaultResolvedComponentResult::eachElement (89 bytes)
Event: 20375.033 Thread 0x0000021f1fc7f030 41526       3       org.codehaus.groovy.runtime.ArrayUtil::createArray (13 bytes)
Event: 20375.033 Thread 0x0000021f1fc7f030 nmethod 41526 0x0000021f074c8410 code [0x0000021f074c85c0, 0x0000021f074c8a78]
Event: 20375.050 Thread 0x0000021f1fc7f030 41527       3       org.gradle.jvm.toolchain.internal.DefaultToolchainSpec::getConventionImplementation (4 bytes)
Event: 20375.051 Thread 0x0000021f1fc7f030 nmethod 41527 0x0000021f0682de90 code [0x0000021f0682e020, 0x0000021f0682e118]
Event: 20375.091 Thread 0x0000021f1fc7f030 41529       1       com.android.build.api.variant.impl.AndroidVersionImpl::getCodename (5 bytes)
Event: 20375.091 Thread 0x0000021f1fc7f030 nmethod 41529 0x0000021f0e52ed10 code [0x0000021f0e52eea0, 0x0000021f0e52ef78]
Event: 20375.102 Thread 0x0000021f1fc7f030 41530       1       com.android.build.api.variant.impl.AndroidVersionImpl::getApiLevel (5 bytes)
Event: 20375.102 Thread 0x0000021f1fc7f030 nmethod 41530 0x0000021f0e52f010 code [0x0000021f0e52f1a0, 0x0000021f0e52f278]

GC Heap History (20 events):
Event: 10067.279 GC heap before
{Heap before GC invocations=116 (full 0):
 garbage-first heap   total 970752K, used 814082K [0x0000000700000000, 0x0000000800000000)
  region size 2048K, 272 young (557056K), 3 survivors (6144K)
 Metaspace       used 164963K, committed 167104K, reserved 1196032K
  class space    used 21984K, committed 22976K, reserved 1048576K
}
Event: 10067.307 GC heap after
{Heap after GC invocations=117 (full 0):
 garbage-first heap   total 970752K, used 280225K [0x0000000700000000, 0x0000000800000000)
  region size 2048K, 11 young (22528K), 11 survivors (22528K)
 Metaspace       used 164963K, committed 167104K, reserved 1196032K
  class space    used 21984K, committed 22976K, reserved 1048576K
}
Event: 10070.379 GC heap before
{Heap before GC invocations=118 (full 0):
 garbage-first heap   total 970752K, used 810657K [0x0000000700000000, 0x0000000800000000)
  region size 2048K, 271 young (555008K), 11 survivors (22528K)
 Metaspace       used 164982K, committed 167104K, reserved 1196032K
  class space    used 21984K, committed 22976K, reserved 1048576K
}
Event: 10070.401 GC heap after
{Heap after GC invocations=119 (full 0):
 garbage-first heap   total 970752K, used 278281K [0x0000000700000000, 0x0000000800000000)
  region size 2048K, 11 young (22528K), 11 survivors (22528K)
 Metaspace       used 164982K, committed 167104K, reserved 1196032K
  class space    used 21984K, committed 22976K, reserved 1048576K
}
Event: 10070.496 GC heap before
{Heap before GC invocations=119 (full 0):
 garbage-first heap   total 970752K, used 302857K [0x0000000700000000, 0x0000000800000000)
  region size 2048K, 23 young (47104K), 11 survivors (22528K)
 Metaspace       used 164983K, committed 167104K, reserved 1196032K
  class space    used 21984K, committed 22976K, reserved 1048576K
}
Event: 10070.517 GC heap after
{Heap after GC invocations=120 (full 0):
 garbage-first heap   total 970752K, used 251840K [0x0000000700000000, 0x0000000800000000)
  region size 2048K, 2 young (4096K), 2 survivors (4096K)
 Metaspace       used 164983K, committed 167104K, reserved 1196032K
  class space    used 21984K, committed 22976K, reserved 1048576K
}
Event: 10071.483 GC heap before
{Heap before GC invocations=120 (full 0):
 garbage-first heap   total 970752K, used 300992K [0x0000000700000000, 0x0000000800000000)
  region size 2048K, 27 young (55296K), 2 survivors (4096K)
 Metaspace       used 165084K, committed 167296K, reserved 1196032K
  class space    used 21985K, committed 22976K, reserved 1048576K
}
Event: 10071.496 GC heap after
{Heap after GC invocations=121 (full 0):
 garbage-first heap   total 1753088K, used 253533K [0x0000000700000000, 0x0000000800000000)
  region size 2048K, 3 young (6144K), 3 survivors (6144K)
 Metaspace       used 165084K, committed 167296K, reserved 1196032K
  class space    used 21985K, committed 22976K, reserved 1048576K
}
Event: 10075.916 GC heap before
{Heap before GC invocations=122 (full 0):
 garbage-first heap   total 888832K, used 816733K [0x0000000700000000, 0x0000000800000000)
  region size 2048K, 260 young (532480K), 3 survivors (6144K)
 Metaspace       used 166435K, committed 168640K, reserved 1196032K
  class space    used 22169K, committed 23168K, reserved 1048576K
}
Event: 10075.955 GC heap after
{Heap after GC invocations=123 (full 0):
 garbage-first heap   total 888832K, used 306989K [0x0000000700000000, 0x0000000800000000)
  region size 2048K, 19 young (38912K), 19 survivors (38912K)
 Metaspace       used 166435K, committed 168640K, reserved 1196032K
  class space    used 22169K, committed 23168K, reserved 1048576K
}
Event: 10075.967 GC heap before
{Heap before GC invocations=123 (full 0):
 garbage-first heap   total 888832K, used 311085K [0x0000000700000000, 0x0000000800000000)
  region size 2048K, 21 young (43008K), 19 survivors (38912K)
 Metaspace       used 166435K, committed 168640K, reserved 1196032K
  class space    used 22169K, committed 23168K, reserved 1048576K
}
Event: 10076.001 GC heap after
{Heap after GC invocations=124 (full 0):
 garbage-first heap   total 888832K, used 295969K [0x0000000700000000, 0x0000000800000000)
  region size 2048K, 2 young (4096K), 2 survivors (4096K)
 Metaspace       used 166435K, committed 168640K, reserved 1196032K
  class space    used 22169K, committed 23168K, reserved 1048576K
}
Event: 10078.466 GC heap before
{Heap before GC invocations=124 (full 0):
 garbage-first heap   total 888832K, used 494625K [0x0000000700000000, 0x0000000800000000)
  region size 2048K, 101 young (206848K), 2 survivors (4096K)
 Metaspace       used 167307K, committed 169472K, reserved 1196032K
  class space    used 22253K, committed 23232K, reserved 1048576K
}
Event: 10078.546 GC heap after
{Heap after GC invocations=125 (full 0):
 garbage-first heap   total 888832K, used 349062K [0x0000000700000000, 0x0000000800000000)
  region size 2048K, 27 young (55296K), 27 survivors (55296K)
 Metaspace       used 167307K, committed 169472K, reserved 1196032K
  class space    used 22253K, committed 23232K, reserved 1048576K
}
Event: 10083.918 GC heap before
{Heap before GC invocations=126 (full 0):
 garbage-first heap   total 888832K, used 778143K [0x0000000700000000, 0x0000000800000000)
  region size 2048K, 169 young (346112K), 27 survivors (55296K)
 Metaspace       used 167625K, committed 169856K, reserved 1196032K
  class space    used 22298K, committed 23296K, reserved 1048576K
}
Event: 10083.990 GC heap after
{Heap after GC invocations=127 (full 0):
 garbage-first heap   total 888832K, used 378110K [0x0000000700000000, 0x0000000800000000)
  region size 2048K, 5 young (10240K), 5 survivors (10240K)
 Metaspace       used 167625K, committed 169856K, reserved 1196032K
  class space    used 22298K, committed 23296K, reserved 1048576K
}
Event: 10471.893 GC heap before
{Heap before GC invocations=127 (full 0):
 garbage-first heap   total 888832K, used 494846K [0x0000000700000000, 0x0000000800000000)
  region size 2048K, 21 young (43008K), 5 survivors (10240K)
 Metaspace       used 167806K, committed 170112K, reserved 1204224K
  class space    used 22324K, committed 23360K, reserved 1048576K
}
Event: 10472.122 GC heap after
{Heap after GC invocations=128 (full 0):
 garbage-first heap   total 888832K, used 336685K [0x0000000700000000, 0x0000000800000000)
  region size 2048K, 2 young (4096K), 2 survivors (4096K)
 Metaspace       used 167806K, committed 170112K, reserved 1204224K
  class space    used 22324K, committed 23360K, reserved 1048576K
}
Event: 20367.725 GC heap before
{Heap before GC invocations=128 (full 0):
 garbage-first heap   total 888832K, used 658221K [0x0000000700000000, 0x0000000800000000)
  region size 2048K, 160 young (327680K), 2 survivors (4096K)
 Metaspace       used 167852K, committed 170112K, reserved 1204224K
  class space    used 22327K, committed 23360K, reserved 1048576K
}
Event: 20367.797 GC heap after
{Heap after GC invocations=129 (full 0):
 garbage-first heap   total 888832K, used 340856K [0x0000000700000000, 0x0000000800000000)
  region size 2048K, 4 young (8192K), 4 survivors (8192K)
 Metaspace       used 167852K, committed 170112K, reserved 1204224K
  class space    used 22327K, committed 23360K, reserved 1048576K
}

Dll operation events (3 events):
Event: 0.011 Loaded shared library C:\Program Files\Android\Android Studio\jbr\bin\java.dll
Event: 0.131 Loaded shared library C:\Program Files\Android\Android Studio\jbr\bin\zip.dll
Event: 0.363 Loaded shared library C:\Program Files\Android\Android Studio\jbr\bin\verify.dll

Deoptimization events (20 events):
Event: 20371.113 Thread 0x0000021f2029eeb0 Uncommon trap: trap_request=0xffffff45 fr.pc=0x0000021f0c81082c relative=0x000000000000730c
Event: 20371.113 Thread 0x0000021f2029eeb0 Uncommon trap: reason=unstable_if action=reinterpret pc=0x0000021f0c81082c method=java.lang.ref.SoftReference.get()Ljava/lang/Object; @ 6 c2
Event: 20371.113 Thread 0x0000021f2029eeb0 DEOPT PACKING pc=0x0000021f0c81082c sp=0x0000007fe3ff5e80
Event: 20371.113 Thread 0x0000021f2029eeb0 DEOPT UNPACKING pc=0x0000021f0bd9a1a3 sp=0x0000007fe3ff5bc0 mode 2
Event: 20371.234 Thread 0x0000021f2029eeb0 Uncommon trap: trap_request=0xffffff45 fr.pc=0x0000021f0ce76670 relative=0x0000000000000450
Event: 20371.234 Thread 0x0000021f2029eeb0 Uncommon trap: reason=unstable_if action=reinterpret pc=0x0000021f0ce76670 method=java.lang.ref.SoftReference.get()Ljava/lang/Object; @ 6 c2
Event: 20371.234 Thread 0x0000021f2029eeb0 DEOPT PACKING pc=0x0000021f0ce76670 sp=0x0000007fe3ff8ef0
Event: 20371.236 Thread 0x0000021f2029eeb0 DEOPT UNPACKING pc=0x0000021f0bd9a1a3 sp=0x0000007fe3ff8c38 mode 2
Event: 20371.823 Thread 0x0000021f2029eeb0 Uncommon trap: trap_request=0xffffff45 fr.pc=0x0000021f0d1866cc relative=0x00000000000017cc
Event: 20371.823 Thread 0x0000021f2029eeb0 Uncommon trap: reason=unstable_if action=reinterpret pc=0x0000021f0d1866cc method=java.lang.ref.SoftReference.get()Ljava/lang/Object; @ 6 c2
Event: 20371.823 Thread 0x0000021f2029eeb0 DEOPT PACKING pc=0x0000021f0d1866cc sp=0x0000007fe3ff95d0
Event: 20371.824 Thread 0x0000021f2029eeb0 DEOPT UNPACKING pc=0x0000021f0bd9a1a3 sp=0x0000007fe3ff9400 mode 2
Event: 20373.846 Thread 0x0000021f2029eeb0 Uncommon trap: trap_request=0xffffffbe fr.pc=0x0000021f0d7f112c relative=0x0000000000001a0c
Event: 20373.846 Thread 0x0000021f2029eeb0 Uncommon trap: reason=profile_predicate action=maybe_recompile pc=0x0000021f0d7f112c method=java.lang.StringLatin1.replace([BI[BI[BI)Ljava/lang/String; @ 180 c2
Event: 20373.846 Thread 0x0000021f2029eeb0 DEOPT PACKING pc=0x0000021f0d7f112c sp=0x0000007fe3ff97c0
Event: 20373.847 Thread 0x0000021f2029eeb0 DEOPT UNPACKING pc=0x0000021f0bd9a1a3 sp=0x0000007fe3ff96a8 mode 2
Event: 20373.855 Thread 0x0000021f2029eeb0 Uncommon trap: trap_request=0xffffffbe fr.pc=0x0000021f0d7f112c relative=0x0000000000001a0c
Event: 20373.855 Thread 0x0000021f2029eeb0 Uncommon trap: reason=profile_predicate action=maybe_recompile pc=0x0000021f0d7f112c method=java.lang.StringLatin1.replace([BI[BI[BI)Ljava/lang/String; @ 180 c2
Event: 20373.855 Thread 0x0000021f2029eeb0 DEOPT PACKING pc=0x0000021f0d7f112c sp=0x0000007fe3ff97c0
Event: 20373.857 Thread 0x0000021f2029eeb0 DEOPT UNPACKING pc=0x0000021f0bd9a1a3 sp=0x0000007fe3ff96a8 mode 2

Classes unloaded (20 events):
Event: 20369.151 Thread 0x0000021f1fc1eba0 Unloading class 0x00000008005eb000 'java/lang/invoke/LambdaForm$MH+0x00000008005eb000'
Event: 20369.151 Thread 0x0000021f1fc1eba0 Unloading class 0x00000008005ea800 'java/lang/invoke/LambdaForm$MH+0x00000008005ea800'
Event: 20369.151 Thread 0x0000021f1fc1eba0 Unloading class 0x00000008005ea400 'java/lang/invoke/LambdaForm$MH+0x00000008005ea400'
Event: 20369.151 Thread 0x0000021f1fc1eba0 Unloading class 0x00000008005ea000 'java/lang/invoke/LambdaForm$MH+0x00000008005ea000'
Event: 20369.151 Thread 0x0000021f1fc1eba0 Unloading class 0x00000008005e9c00 'java/lang/invoke/LambdaForm$MH+0x00000008005e9c00'
Event: 20369.151 Thread 0x0000021f1fc1eba0 Unloading class 0x00000008005e9800 'java/lang/invoke/LambdaForm$MH+0x00000008005e9800'
Event: 20369.151 Thread 0x0000021f1fc1eba0 Unloading class 0x00000008005e9400 'java/lang/invoke/LambdaForm$MH+0x00000008005e9400'
Event: 20369.151 Thread 0x0000021f1fc1eba0 Unloading class 0x00000008005e9000 'java/lang/invoke/LambdaForm$MH+0x00000008005e9000'
Event: 20369.151 Thread 0x0000021f1fc1eba0 Unloading class 0x00000008005e8c00 'java/lang/invoke/LambdaForm$MH+0x00000008005e8c00'
Event: 20369.151 Thread 0x0000021f1fc1eba0 Unloading class 0x00000008005e8800 'java/lang/invoke/LambdaForm$MH+0x00000008005e8800'
Event: 20369.151 Thread 0x0000021f1fc1eba0 Unloading class 0x00000008005e8000 'java/lang/invoke/LambdaForm$MH+0x00000008005e8000'
Event: 20369.151 Thread 0x0000021f1fc1eba0 Unloading class 0x00000008005cd480 'org/gradle/plugin/use/PluginDependencySpec$apply$0'
Event: 20369.151 Thread 0x0000021f1fc1eba0 Unloading class 0x00000008005cd000 'org/gradle/plugin/use/PluginDependencySpec$version'
Event: 20369.151 Thread 0x0000021f1fc1eba0 Unloading class 0x00000008005cc800 'org/gradle/plugin/use/internal/PluginsAwareScript$plugins'
Event: 20369.151 Thread 0x0000021f1fc1eba0 Unloading class 0x00000008004e9800 'java/lang/invoke/LambdaForm$MH+0x00000008004e9800'
Event: 20369.151 Thread 0x0000021f1fc1eba0 Unloading class 0x0000000800200c00 'java/lang/invoke/LambdaForm$MH+0x0000000800200c00'
Event: 20369.151 Thread 0x0000021f1fc1eba0 Unloading class 0x0000000800200800 'java/lang/invoke/LambdaForm$MH+0x0000000800200800'
Event: 20369.151 Thread 0x0000021f1fc1eba0 Unloading class 0x0000000800200400 'java/lang/invoke/LambdaForm$MH+0x0000000800200400'
Event: 20369.151 Thread 0x0000021f1fc1eba0 Unloading class 0x0000000800200000 'java/lang/invoke/LambdaForm$MH+0x0000000800200000'
Event: 20369.151 Thread 0x0000021f1fc1eba0 Unloading class 0x00000008000ea000 'java/lang/invoke/LambdaForm$MH+0x00000008000ea000'

Classes redefined (0 events):
No events

Internal exceptions (20 events):
Event: 10082.199 Thread 0x0000021f2029db70 Exception <a 'sun/nio/fs/WindowsException'{0x0000000722ccc8b8}> (0x0000000722ccc8b8) 
thrown [s\src\hotspot\share\prims\jni.cpp, line 517]
Event: 20360.349 Thread 0x0000021f2029eeb0 Exception <a 'sun/nio/fs/WindowsException'{0x000000072531bcc0}> (0x000000072531bcc0) 
thrown [s\src\hotspot\share\prims\jni.cpp, line 517]
Event: 20360.360 Thread 0x0000021f2029eeb0 Exception <a 'sun/nio/fs/WindowsException'{0x000000072531d148}> (0x000000072531d148) 
thrown [s\src\hotspot\share\prims\jni.cpp, line 517]
Event: 20360.361 Thread 0x0000021f2029eeb0 Exception <a 'sun/nio/fs/WindowsException'{0x000000072531e5d0}> (0x000000072531e5d0) 
thrown [s\src\hotspot\share\prims\jni.cpp, line 517]
Event: 20360.366 Thread 0x0000021f2029eeb0 Exception <a 'sun/nio/fs/WindowsException'{0x000000072531fa48}> (0x000000072531fa48) 
thrown [s\src\hotspot\share\prims\jni.cpp, line 517]
Event: 20360.667 Thread 0x0000021f2029eeb0 Exception <a 'sun/nio/fs/WindowsException'{0x00000007250a9e58}> (0x00000007250a9e58) 
thrown [s\src\hotspot\share\prims\jni.cpp, line 517]
Event: 20360.672 Thread 0x0000021f2029eeb0 Exception <a 'sun/nio/fs/WindowsException'{0x00000007250abad8}> (0x00000007250abad8) 
thrown [s\src\hotspot\share\prims\jni.cpp, line 517]
Event: 20360.672 Thread 0x0000021f2029eeb0 Exception <a 'sun/nio/fs/WindowsException'{0x00000007250ad758}> (0x00000007250ad758) 
thrown [s\src\hotspot\share\prims\jni.cpp, line 517]
Event: 20360.677 Thread 0x0000021f2029eeb0 Exception <a 'sun/nio/fs/WindowsException'{0x00000007250af3c8}> (0x00000007250af3c8) 
thrown [s\src\hotspot\share\prims\jni.cpp, line 517]
Event: 20363.775 Thread 0x0000021f27500560 Exception <a 'sun/nio/fs/WindowsException'{0x0000000724567b80}> (0x0000000724567b80) 
thrown [s\src\hotspot\share\prims\jni.cpp, line 517]
Event: 20363.777 Thread 0x0000021f27500560 Exception <a 'sun/nio/fs/WindowsException'{0x0000000724569f20}> (0x0000000724569f20) 
thrown [s\src\hotspot\share\prims\jni.cpp, line 517]
Event: 20363.777 Thread 0x0000021f27500560 Exception <a 'sun/nio/fs/WindowsException'{0x000000072456c200}> (0x000000072456c200) 
thrown [s\src\hotspot\share\prims\jni.cpp, line 517]
Event: 20363.778 Thread 0x0000021f27500560 Exception <a 'sun/nio/fs/WindowsException'{0x000000072456e148}> (0x000000072456e148) 
thrown [s\src\hotspot\share\prims\jni.cpp, line 517]
Event: 20363.802 Thread 0x0000021f27500560 Exception <a 'sun/nio/fs/WindowsException'{0x0000000724582a38}> (0x0000000724582a38) 
thrown [s\src\hotspot\share\prims\jni.cpp, line 517]
Event: 20366.767 Thread 0x0000021f2029eeb0 Exception <a 'sun/nio/fs/WindowsException'{0x0000000722819cf0}> (0x0000000722819cf0) 
thrown [s\src\hotspot\share\prims\jni.cpp, line 517]
Event: 20367.150 Thread 0x0000021f2029eeb0 Exception <a 'java/lang/NoSuchMethodError'{0x000000072290f3a0}: 'org.gradle.internal.buildoption.BuildOption$Value org.gradle.api.internal.StartParameterInternal.getIsolatedProjects()'> (0x000000072290f3a0) 
thrown [s\src\hotspot\share\interpreter\linkResolver.cpp, line 771]
Event: 20371.112 Thread 0x0000021f2029eeb0 Implicit null exception at 0x0000021f0c80b761 to 0x0000021f0c810804
Event: 20371.823 Thread 0x0000021f2029eeb0 Implicit null exception at 0x0000021f0d184f56 to 0x0000021f0d1866a4
Event: 20371.902 Thread 0x0000021f2029eeb0 Exception <a 'java/lang/NoSuchMethodError'{0x00000007337c65f8}: 'org.gradle.internal.buildoption.BuildOption$Value org.gradle.api.internal.StartParameterInternal.getIsolatedProjects()'> (0x00000007337c65f8) 
thrown [s\src\hotspot\share\interpreter\linkResolver.cpp, line 771]
Event: 20375.131 Thread 0x0000021f2029eeb0 Exception <a 'sun/nio/fs/WindowsException'{0x0000000731cc0a18}> (0x0000000731cc0a18) 
thrown [s\src\hotspot\share\prims\jni.cpp, line 517]

VM Operations (20 events):
Event: 20365.814 Executing VM operation: Cleanup
Event: 20365.830 Executing VM operation: Cleanup done
Event: 20366.831 Executing VM operation: Cleanup
Event: 20366.848 Executing VM operation: Cleanup done
Event: 20367.724 Executing VM operation: G1CollectForAllocation
Event: 20367.798 Executing VM operation: G1CollectForAllocation done
Event: 20368.808 Executing VM operation: Cleanup
Event: 20368.809 Executing VM operation: Cleanup done
Event: 20369.107 Executing VM operation: G1Concurrent
Event: 20369.610 Executing VM operation: G1Concurrent done
Event: 20369.913 Executing VM operation: G1Concurrent
Event: 20370.943 Executing VM operation: G1Concurrent done
Event: 20371.113 Executing VM operation: HandshakeAllThreads
Event: 20371.129 Executing VM operation: HandshakeAllThreads done
Event: 20372.130 Executing VM operation: Cleanup
Event: 20372.145 Executing VM operation: Cleanup done
Event: 20373.149 Executing VM operation: Cleanup
Event: 20373.186 Executing VM operation: Cleanup done
Event: 20374.188 Executing VM operation: Cleanup
Event: 20374.205 Executing VM operation: Cleanup done

Events (20 events):
Event: 20371.198 Thread 0x0000021f1fc88680 flushing nmethod 0x0000021f07df2f90
Event: 20371.199 Thread 0x0000021f1fc88680 flushing nmethod 0x0000021f07e92010
Event: 20371.199 Thread 0x0000021f1fc88680 flushing nmethod 0x0000021f07e92f90
Event: 20371.199 Thread 0x0000021f1fc88680 flushing nmethod 0x0000021f07e93610
Event: 20371.199 Thread 0x0000021f1fc88680 flushing nmethod 0x0000021f07eb0a10
Event: 20371.199 Thread 0x0000021f1fc88680 flushing nmethod 0x0000021f07ed7290
Event: 20371.199 Thread 0x0000021f1fc88680 flushing nmethod 0x0000021f07ed7a90
Event: 20371.199 Thread 0x0000021f1fc88680 flushing nmethod 0x0000021f07ed8190
Event: 20371.199 Thread 0x0000021f1fc88680 flushing nmethod 0x0000021f07ed8f10
Event: 20371.199 Thread 0x0000021f1fc88680 flushing nmethod 0x0000021f07ed9410
Event: 20371.199 Thread 0x0000021f1fc88680 flushing nmethod 0x0000021f07eda410
Event: 20371.199 Thread 0x0000021f1fc88680 flushing nmethod 0x0000021f07edbe10
Event: 20371.606 Thread 0x0000021f2c02fe30 Thread added: 0x0000021f2c02fe30
Event: 20371.606 Thread 0x0000021f2c030300 Thread added: 0x0000021f2c030300
Event: 20371.606 Thread 0x0000021f2c031640 Thread added: 0x0000021f2c031640
Event: 20372.356 Thread 0x0000021f35666490 Thread added: 0x0000021f35666490
Event: 20372.884 Thread 0x0000021f35666490 Thread exited: 0x0000021f35666490
Event: 20374.208 Thread 0x0000021f35663c10 Thread added: 0x0000021f35663c10
Event: 20374.581 Thread 0x0000021f35663c10 Thread exited: 0x0000021f35663c10
Event: 20375.024 Thread 0x0000021f35665050 Thread added: 0x0000021f35665050


Dynamic libraries:
0x00007ff76ec20000 - 0x00007ff76ec2a000 	C:\Program Files\Android\Android Studio\jbr\bin\java.exe
0x00007ffbd08e0000 - 0x00007ffbd0b48000 	C:\WINDOWS\SYSTEM32\ntdll.dll
0x00007ffbce700000 - 0x00007ffbce7c9000 	C:\WINDOWS\System32\KERNEL32.DLL
0x00007ffbce080000 - 0x00007ffbce472000 	C:\WINDOWS\System32\KERNELBASE.dll
0x00007ffbcddb0000 - 0x00007ffbcdefb000 	C:\WINDOWS\System32\ucrtbase.dll
0x00007ffb8a5c0000 - 0x00007ffb8a5d7000 	C:\Program Files\Android\Android Studio\jbr\bin\jli.dll
0x00007ffb8a750000 - 0x00007ffb8a76b000 	C:\Program Files\Android\Android Studio\jbr\bin\VCRUNTIME140.dll
0x00007ffbcfc50000 - 0x00007ffbcfe15000 	C:\WINDOWS\System32\USER32.dll
0x00007ffbcdfb0000 - 0x00007ffbcdfd7000 	C:\WINDOWS\System32\win32u.dll
0x00007ffbb34c0000 - 0x00007ffbb3753000 	C:\WINDOWS\WinSxS\amd64_microsoft.windows.common-controls_6595b64144ccf1df_6.0.26100.6899_none_3e0efeeae32e88c1\COMCTL32.dll
0x00007ffbcf060000 - 0x00007ffbcf08b000 	C:\WINDOWS\System32\GDI32.dll
0x00007ffbcf6f0000 - 0x00007ffbcf799000 	C:\WINDOWS\System32\msvcrt.dll
0x00007ffbcda70000 - 0x00007ffbcdb9d000 	C:\WINDOWS\System32\gdi32full.dll
0x00007ffbcdf00000 - 0x00007ffbcdfa3000 	C:\WINDOWS\System32\msvcp_win.dll
0x00007ffbd0230000 - 0x00007ffbd025f000 	C:\WINDOWS\System32\IMM32.DLL
0x00007ffba68e0000 - 0x00007ffba68ec000 	C:\Program Files\Android\Android Studio\jbr\bin\vcruntime140_1.dll
0x00007ffb8a6c0000 - 0x00007ffb8a74d000 	C:\Program Files\Android\Android Studio\jbr\bin\msvcp140.dll
0x00007ffb2ba50000 - 0x00007ffb2c6be000 	C:\Program Files\Android\Android Studio\jbr\bin\server\jvm.dll
0x00007ffbd0170000 - 0x00007ffbd0224000 	C:\WINDOWS\System32\ADVAPI32.dll
0x00007ffbce850000 - 0x00007ffbce8f6000 	C:\WINDOWS\System32\sechost.dll
0x00007ffbcfb30000 - 0x00007ffbcfc48000 	C:\WINDOWS\System32\RPCRT4.dll
0x00007ffbb2220000 - 0x00007ffbb222a000 	C:\WINDOWS\SYSTEM32\WSOCK32.dll
0x00007ffbcf490000 - 0x00007ffbcf504000 	C:\WINDOWS\System32\WS2_32.dll
0x00007ffbb74d0000 - 0x00007ffbb7505000 	C:\WINDOWS\SYSTEM32\WINMM.dll
0x00007ffbcb370000 - 0x00007ffbcb37b000 	C:\WINDOWS\SYSTEM32\VERSION.dll
0x00007ffbcc840000 - 0x00007ffbcc85b000 	C:\WINDOWS\SYSTEM32\kernel.appcore.dll
0x00007ffb96070000 - 0x00007ffb9607a000 	C:\Program Files\Android\Android Studio\jbr\bin\jimage.dll
0x00007ffbca6b0000 - 0x00007ffbca8f2000 	C:\WINDOWS\SYSTEM32\DBGHELP.DLL
0x00007ffbcf7b0000 - 0x00007ffbcfb2b000 	C:\WINDOWS\System32\combase.dll
0x00007ffbcf2f0000 - 0x00007ffbcf3c7000 	C:\WINDOWS\System32\OLEAUT32.dll
0x00007ffb9e7b0000 - 0x00007ffb9e7ec000 	C:\WINDOWS\SYSTEM32\dbgcore.DLL
0x00007ffbcdfe0000 - 0x00007ffbce078000 	C:\WINDOWS\System32\bcryptPrimitives.dll
0x00007ffb8d1f0000 - 0x00007ffb8d1fe000 	C:\Program Files\Android\Android Studio\jbr\bin\instrument.dll
0x00007ffb94220000 - 0x00007ffb94245000 	C:\Program Files\Android\Android Studio\jbr\bin\java.dll
0x00007ffb94200000 - 0x00007ffb94218000 	C:\Program Files\Android\Android Studio\jbr\bin\zip.dll
0x00007ffbce910000 - 0x00007ffbcf05d000 	C:\WINDOWS\System32\SHELL32.dll
0x00007ffbce540000 - 0x00007ffbce6ab000 	C:\WINDOWS\System32\wintypes.dll
0x00007ffbcb6a0000 - 0x00007ffbcbefd000 	C:\WINDOWS\SYSTEM32\windows.storage.dll
0x00007ffbcff10000 - 0x00007ffbd0002000 	C:\WINDOWS\System32\SHCORE.dll
0x00007ffbcf420000 - 0x00007ffbcf482000 	C:\WINDOWS\System32\shlwapi.dll
0x00007ffbcd990000 - 0x00007ffbcd9b9000 	C:\WINDOWS\SYSTEM32\profapi.dll
0x00007ffb921c0000 - 0x00007ffb921d9000 	C:\Program Files\Android\Android Studio\jbr\bin\net.dll
0x00007ffbbde30000 - 0x00007ffbbdf4f000 	C:\WINDOWS\SYSTEM32\WINHTTP.dll
0x00007ffbccdb0000 - 0x00007ffbcce1b000 	C:\WINDOWS\system32\mswsock.dll
0x00007ffb913d0000 - 0x00007ffb913e6000 	C:\Program Files\Android\Android Studio\jbr\bin\nio.dll
0x00007ffb941f0000 - 0x00007ffb94200000 	C:\Program Files\Android\Android Studio\jbr\bin\verify.dll
0x00007ffb84a20000 - 0x00007ffb84a47000 	C:\Users\ACER\.gradle\native\68d5fa5c4cc2d200863cafc0d521ce42e7d3e7ee720ec0a83991735586a16f82\windows-amd64\native-platform.dll
0x00007ffb758a0000 - 0x00007ffb759e4000 	C:\Users\ACER\.gradle\native\e376f236ea51e6404a007f0833ffe2c6e607c4080706a723a18a27aeea778392\windows-amd64\native-platform-file-events.dll
0x00007ffb8f440000 - 0x00007ffb8f449000 	C:\Program Files\Android\Android Studio\jbr\bin\management.dll
0x00007ffb8f200000 - 0x00007ffb8f20b000 	C:\Program Files\Android\Android Studio\jbr\bin\management_ext.dll
0x00007ffbce900000 - 0x00007ffbce908000 	C:\WINDOWS\System32\PSAPI.DLL
0x00007ffbcd060000 - 0x00007ffbcd07b000 	C:\WINDOWS\SYSTEM32\CRYPTSP.dll
0x00007ffbcc7a0000 - 0x00007ffbcc7db000 	C:\WINDOWS\system32\rsaenh.dll
0x00007ffbcce50000 - 0x00007ffbcce7b000 	C:\WINDOWS\SYSTEM32\USERENV.dll
0x00007ffbcd960000 - 0x00007ffbcd986000 	C:\WINDOWS\SYSTEM32\bcrypt.dll
0x00007ffbcd080000 - 0x00007ffbcd08c000 	C:\WINDOWS\SYSTEM32\CRYPTBASE.dll
0x00007ffbcc2f0000 - 0x00007ffbcc324000 	C:\WINDOWS\SYSTEM32\IPHLPAPI.DLL
0x00007ffbcf220000 - 0x00007ffbcf22a000 	C:\WINDOWS\System32\NSI.dll
0x00007ffbc17c0000 - 0x00007ffbc17de000 	C:\WINDOWS\SYSTEM32\dhcpcsvc6.DLL
0x00007ffbc14a0000 - 0x00007ffbc14c3000 	C:\WINDOWS\SYSTEM32\dhcpcsvc.DLL
0x00007ffbcc3d0000 - 0x00007ffbcc4f6000 	C:\WINDOWS\SYSTEM32\DNSAPI.dll
0x00007ffb853e0000 - 0x00007ffb853e8000 	C:\WINDOWS\system32\wshunix.dll
0x00007ffba33c0000 - 0x00007ffba33d8000 	C:\WINDOWS\system32\napinsp.dll
0x00007ffb9ff40000 - 0x00007ffb9ff52000 	C:\WINDOWS\System32\winrnr.dll
0x00007ffb9fe40000 - 0x00007ffb9fe68000 	C:\WINDOWS\system32\nlansp_c.dll
0x00007ffbbd240000 - 0x00007ffbbd256000 	C:\WINDOWS\system32\wshbth.dll
0x00007ffbbd260000 - 0x00007ffbbd26b000 	C:\Windows\System32\rasadhlp.dll
0x00007ffbc17f0000 - 0x00007ffbc1876000 	C:\WINDOWS\System32\fwpuclnt.dll

dbghelp: loaded successfully - version: 4.0.5 - missing functions: none
symbol engine: initialized successfully - sym options: 0x614 - pdb path: .;C:\Program Files\Android\Android Studio\jbr\bin;C:\WINDOWS\SYSTEM32;C:\WINDOWS\WinSxS\amd64_microsoft.windows.common-controls_6595b64144ccf1df_6.0.26100.6899_none_3e0efeeae32e88c1;C:\Program Files\Android\Android Studio\jbr\bin\server;C:\Users\ACER\.gradle\native\68d5fa5c4cc2d200863cafc0d521ce42e7d3e7ee720ec0a83991735586a16f82\windows-amd64;C:\Users\ACER\.gradle\native\e376f236ea51e6404a007f0833ffe2c6e607c4080706a723a18a27aeea778392\windows-amd64

VM Arguments:
jvm_args: -XX:MaxMetaspaceSize=2G -XX:+HeapDumpOnOutOfMemoryError --add-opens=java.base/java.util=ALL-UNNAMED --add-opens=java.base/java.lang=ALL-UNNAMED --add-opens=java.base/java.lang.invoke=ALL-UNNAMED --add-opens=java.prefs/java.util.prefs=ALL-UNNAMED --add-opens=java.base/java.nio.charset=ALL-UNNAMED --add-opens=java.base/java.net=ALL-UNNAMED --add-opens=java.base/java.util.concurrent.atomic=ALL-UNNAMED -Xmx4G -Dfile.encoding=windows-1252 -Duser.country=IN -Duser.language=en -Duser.variant -javaagent:C:\Users\ACER\.gradle\wrapper\dists\gradle-8.3-all\6en3ugtfdg5xnpx44z4qbwgas\gradle-8.3\lib\agents\gradle-instrumentation-agent-8.3.jar 
java_command: org.gradle.launcher.daemon.bootstrap.GradleDaemon 8.3
java_class_path (initial): C:\Users\ACER\.gradle\wrapper\dists\gradle-8.3-all\6en3ugtfdg5xnpx44z4qbwgas\gradle-8.3\lib\gradle-launcher-8.3.jar
Launcher Type: SUN_STANDARD

[Global flags]
     intx CICompilerCount                          = 3                                         {product} {ergonomic}
     uint ConcGCThreads                            = 1                                         {product} {ergonomic}
     uint G1ConcRefinementThreads                  = 4                                         {product} {ergonomic}
   size_t G1HeapRegionSize                         = 2097152                                   {product} {ergonomic}
    uintx GCDrainStackTargetSize                   = 64                                        {product} {ergonomic}
     bool HeapDumpOnOutOfMemoryError               = true                                   {manageable} {command line}
   size_t InitialHeapSize                          = 132120576                                 {product} {ergonomic}
   size_t MarkStackSize                            = 4194304                                   {product} {ergonomic}
   size_t MaxHeapSize                              = 4294967296                                {product} {command line}
   size_t MaxMetaspaceSize                         = 2147483648                                {product} {command line}
   size_t MaxNewSize                               = 2575302656                                {product} {ergonomic}
   size_t MinHeapDeltaBytes                        = 2097152                                   {product} {ergonomic}
   size_t MinHeapSize                              = 8388608                                   {product} {ergonomic}
    uintx NonNMethodCodeHeapSize                   = 5832780                                {pd product} {ergonomic}
    uintx NonProfiledCodeHeapSize                  = 122912730                              {pd product} {ergonomic}
    uintx ProfiledCodeHeapSize                     = 122912730                              {pd product} {ergonomic}
    uintx ReservedCodeCacheSize                    = 251658240                              {pd product} {ergonomic}
     bool SegmentedCodeCache                       = true                                      {product} {ergonomic}
   size_t SoftMaxHeapSize                          = 4294967296                             {manageable} {ergonomic}
     bool UseCompressedClassPointers               = true                           {product lp64_product} {ergonomic}
     bool UseCompressedOops                        = true                           {product lp64_product} {ergonomic}
     bool UseG1GC                                  = true                                      {product} {ergonomic}
     bool UseLargePagesIndividualAllocation        = false                                  {pd product} {ergonomic}

Logging:
Log output configuration:
 #0: stdout all=warning uptime,level,tags
 #1: stderr all=off uptime,level,tags

Environment Variables:
JAVA_HOME=C:\Program Files\Android\Android Studio\jbr
CLASSPATH=D:\RISS (2025-2026)\COLLEGE PROJECTS\ASSMABHI\BCA\memora_flutter\android\\gradle\wrapper\gradle-wrapper.jar
PATH=C:\Program Files\Android\Android Studio\jbr\bin;C:\Program Files (x86)\Common Files\Oracle\Java\java8path;C:\Program Files (x86)\Common Files\Oracle\Java\javapath;C:\Program Files (x86)\Common Files\Intel\Shared Libraries\redist\intel64\compiler;C:\WINDOWS\system32;C:\WINDOWS;C:\WINDOWS\System32\Wbem;C:\WINDOWS\System32\WindowsPowerShell\v1.0\;C:\WINDOWS\System32\OpenSSH\;C:\Program Files\nodejs\;C:\Program Files\Python39;C:\Program Files\Python39\Scripts;C:\Program Files\MySQL\MySQL Server 8.0\bin;C:\Program Files\MySQL\MySQL Server 8.0\bin\mysql.exe;C:\Program Files\JetBrains\PyCharm 2017.1.2\bin;C:\Program Files\Git\cmd;C:\Users\ACER\AppData\Local\Programs\Python\Python310\Scripts;C:\Users\ACER\AppData\Local\Programs\Python\Python310;C:\Users\ACER\AppData\Local\Programs\Python\Python312\Scripts;C:\Users\ACER\AppData\Local\Programs\Python\Python312;C:\Users\ACER\Downloads\flutter_windows_3.24.5-stable\flutter\bin;C:\ffmpeg-8.0-essentials_build\bin;C:\Users\ACER\AppData\Local\Microsoft\WindowsApps;C:\Program Files\JetBrains\PyCharm Community Edition 2024.2.1\bin;C:\Users\ACER\Desktop\Microsoft VS Code\bin;C:\Users\ACER\AppData\Roaming\npm;C:\Users\ACER\AppData\Local\spicetify;C:\Program Files\Python39;C:\Program Files\Python39\Scripts;C:\Program Files\MySQL\MySQL Server 8.0\bin;C:\Program Files\MySQL\MySQL Server 8.0\bin\mysql.exe;C:\Program Files\JetBrains\PyCharm 2017.1.2\bin;C:\Users\ACER\AppData\Local\Programs\Python\Python310\Scripts;C:\Users\ACER\AppData\Local\Programs\Python\Python310;C:\Users\ACER\AppData\Local\Programs\Python\Python312\Scripts;C:\Users\ACER\AppData\Local\Programs\Python\Python312;C:\Users\ACER\Downloads\flutter_windows_3.24.5-stable\flutter\bin;C:\ffmpeg-8.0-essentials_build\bin;;C:\Users\ACER\Downloads\flutter_windows_3.24.5-stable\flutter\bin\mingit\cmd
USERNAME=ACER
OS=Windows_NT
PROCESSOR_IDENTIFIER=Intel64 Family 6 Model 140 Stepping 1, GenuineIntel
TMP=C:\Users\ACER\AppData\Local\Temp
TEMP=C:\Users\ACER\AppData\Local\Temp


JNI global refs:
JNI global refs: 29, weak refs: 3

JNI global refs memory usage: 843, weak refs: 841


---------------  S Y S T E M  ---------------

OS:
 Windows 11 , 64 bit Build 26100 (10.0.26100.6725)
OS uptime: 1 days 0:06 hours
Hyper-V role detected

CPU: total 4 (initial active 4) (2 cores per cpu, 2 threads per core) family 6 model 140 stepping 1 microcode 0x8a, cx8, cmov, fxsr, ht, mmx, 3dnowpref, sse, sse2, sse3, ssse3, sse4.1, sse4.2, popcnt, lzcnt, tsc, tscinvbit, avx, avx2, aes, erms, clmul, bmi1, bmi2, adx, avx512f, avx512dq, avx512cd, avx512bw, avx512vl, sha, fma, vzeroupper, avx512_vpopcntdq, avx512_vpclmulqdq, avx512_vaes, avx512_vnni, clflush, clflushopt, clwb, avx512_vbmi2, avx512_vbmi, hv

Memory: 4k page, system-wide physical 7971M (557M free)
TotalPageFile size 15385M (AvailPageFile size 15M)
current process WorkingSet (physical memory assigned to process): 636M, peak: 1405M
current process commit charge ("private bytes"): 1383M, peak: 2430M

vm_info: OpenJDK 64-Bit Server VM (17.0.6+0-b2043.56-10027231) for windows-amd64 JRE (17.0.6+0-b2043.56-10027231), built on Apr 28 2023 00:43:19 by "androidbuild" with MS VC++ 16.10 / 16.11 (VS2019)

END.
